名称,评论时间,评论详情
清远高品会.威尼斯spa别墅七房九床,2019-02-12T07:07:14.000Z,"还不错,齐全"
清远高品会.威尼斯spa别墅七房九床,2018-12-15T08:03:49.000Z,"体验挺好,落东西在别墅,还主动联系到我帮忙寄回来"
清远高品会.威尼斯spa别墅七房九床,2017-10-02T05:51:15.000Z,"很好的别墅,推荐!"
"清远恒大金碧天下独栋别墅,可容纳多人派对或聚会｡麻将ktv烧烤等设备齐全",2017-04-03T01:34:25.000Z,不错
"清远恒大金碧天下独栋别墅,可容纳多人派对或聚会｡麻将ktv烧烤等设备齐全",2016-10-05T02:20:01.000Z,"房子我们很满意!房东的服务很周到,态度非常好!其实在清远,大家租恒大还可以用他们业主卡优惠价格去运动中心玩!这样子的行程不会太单调!而且房子住着也舒服!建议大家过去"
"清远恒大金碧天下度假别墅悠然惠墅 适合团体度假 家庭度假 父母度假 空气清新到不吸白不吸,6-8人",2018-10-04T05:44:41.000Z,"还不错,值得出游!"
"清远恒大金碧天下度假别墅悠然惠墅 适合团体度假 家庭度假 父母度假 空气清新到不吸白不吸,6-8人",2017-08-27T05:46:42.000Z,"这次是带家人出去游玩的,房东和管家姐姐人都很好,细心解答了很多东西,上门服务都很及时｡
恒大位置距离古龙峡超级近,但是比较偏远,像是市外郊区,但是整体的入住率不高,所以显得格外寂静,不过和一大家子人出去玩,地点其实相当合适｡"
"清远恒大金碧天下度假别墅悠然惠墅 适合团体度假 家庭度假 父母度假 空气清新到不吸白不吸,6-8人",2017-05-29T07:36:24.000Z,体验很棒!
碧桂园清泉城山顶度假别墅,2016-10-30T00:57:31.000Z,"不要去,就一句,如果你可以接受没有热水,没有温泉,没有所谓的“服务”,还有一层又一层的“业主”,那么你就去尝试一下地狱的感觉吧｡"
碧桂园清泉城山顶度假别墅,2016-09-16T03:06:15.000Z,"房子装修是新的,环境不错,床和被子最好~关键在于和谁一起玩,我们玩的很High,烧烤唱K打麻将,适合志同道合的朋友一起来玩~如果不是一团和气的朋友,房间的分配上､周边可玩的不那么丰富的情况下,就不好玩了"
碧桂园清泉城山顶度假别墅,2016-08-30T05:54:22.000Z,"别墅在山脚下,空气很好,房子是新的,干净舒服,有厨房可以自己煮食,还可以烧烤,唱K,服务很好,推荐｡"
碧桂园清泉城山顶度假别墅,2017-01-13T01:42:07.000Z,The yard of host is just suitable for us. Everything in house is very  appropriate and sweet.That is laudable!
"清平村居——客家泥砖房老宅,清净带内花园的大院子",2018-10-05T06:49:37.000Z,"带的小盆友和宠物狗来的,这里的风景很原始,空气很棒,食物很新鲜,带的小盆友摘了柿子,农田里玩耍,很新奇的体验,在国庆哪里都多人的地方找到这么一个安静度假的地方真不错,建议多几家人一起来"
"清平村居——客家泥砖房老宅,清净带内花园的大院子",2018-05-01T17:18:45.000Z,"房子安静程度一流,蟋蟀和青蛙晚上会叫,刚刚开始不太习惯,但是慢慢就觉得这才是农村特有的起息,感谢房东阿星的体贴招待和指引,五一期间那里人都多,找一个安静的地方看看书,这里会是个很好的选择,如果有三五知己一起,就更加好｡因为是在农村,小咬会 比较多,建议多穿长袖｡"
"清平村居——客家泥砖房老宅,清净带内花园的大院子",2017-10-05T07:29:42.000Z,"安静,空气清新,简单纯净的村居生活适合放空自己,让小朋友体验一种新的生活方式,因为下雨没有爬山,下次再来"
"清平村居——客家泥砖房老宅,清净带内花园的大院子",2017-04-30T07:41:14.000Z,"喜欢干净的住宿环境,孩子们很新奇,很喜欢!体验了没有体验过的生活,收获不少!"
"清平村居——客家泥砖房老宅,清净带内花园的大院子",2017-01-30T01:01:35.000Z,"位置其实很好找,沿着县道一直走就能找到,院子很安静,干净整洁,跟描述的一样,洗澡也方便,有五个淋浴间,热水充足,厨房设施齐全,可以做真正的柴火饭哦:)房主还可以带你去买走地鸡,可以去摘果子,可以去摘菜,价格都很实惠,对了,过年期间还可以放烟花｡还有一点很重要,房主一直全程跟踪服务,十分的体贴,三十二个赞｡这个房子很适合几个带小朋友的家庭一起来体验不一样的生活,下次有机会再来"
"清平村居——客家泥砖房老宅,清净带内花园的大院子",2017-01-29T03:52:51.000Z,"很高兴能在这间大宅院里度过农历新年,也是我第一次使用airbnb,非常感谢屋主提供的无微不至的帮助,新年期间还带着我们一班人到山上摘桔子,希望能介绍更多的人来这里体验"
"清平村居——客家泥砖房老宅,清净带内花园的大院子",2016-10-16T03:37:33.000Z,"房东一家都很热情,房子就是最实实在在的传统村屋,简简单单的收拾得很干净｡"
"迷人的英伦风景区,五星级的舒适洋房",2018-08-19T08:07:42.000Z,"虽然办理入住时遇到些小问题,但也很快
得到解决,因此房东也给我们一些小优惠,谢谢房东｡环境安静,装修风格很好｡
"
"迷人的英伦风景区,五星级的舒适洋房",2017-12-31T05:13:45.000Z,"适合家庭自驾,小盈帮我们预订了温泉,还可以｡"
"迷人的英伦风景区,五星级的舒适洋房",2017-07-02T13:47:56.000Z,"Very nice experience, thank you!
非常棒的入住体验｡公寓位于碧桂园英伦小镇,风景优美,环境舒适｡房子是新交楼的套房,崭新干净,配套齐全,拖鞋牙刷牙膏沐浴露等配套齐全｡小盈热情周到,亲自带到房间｡非常感谢｡
需改进的地方就是有些房间的床垫太硬,而且床垫的胶膜没撕掉｡"
"迷人的英伦风景区,五星级的舒适洋房",2016-10-09T01:07:08.000Z,很不错的住宿体验 风景很好 房间干净整洁 
"迷人的英伦风景区,五星级的舒适洋房",2016-10-04T01:16:43.000Z,满意 环境优美 空气清新
"迷人的英伦风景区,五星级的舒适洋房",2017-04-23T08:48:38.000Z,"在小盈的房子過了一個舒適的週末,房東想得很周到,缺少的東西很快就送了過來,家人都很滿意,如果主人房裡也有電視機就完美喇,我們會再來的,也會介紹俾朋友,謝謝小盈"
"迷人的英伦风景区,五星级的舒适洋房",2016-11-01T01:00:32.000Z,Very nice apartment with quite place.
羊角山顶的静谧之地,2019-02-11T07:56:41.000Z,"东西比较齐,被子枕头多 挺舒服的.推荐"
羊角山顶的静谧之地,2017-01-31T01:54:23.000Z,"房东Nice,房子很干净,而且房子的装修也很用心,房东除了打点好我们的房间外,还告诉我们附近好玩好吃的地方｡这是与五星酒店区别的地方,简直像一个朋友每时每刻再为你服务｡"
羊角山顶的静谧之地,2016-11-27T01:08:59.000Z,"挺干净整洁的,位置不错风景好,就是房间有点少,不够大,整理不错,暖气给力,还能烧烤打麻将"
羊角山顶的静谧之地,2016-11-13T03:57:35.000Z,"房东姐姐人超好,很细心｡花园也超大｡只是开始我脑补错了,以为是两层楼｡不过还是很推荐｡家人玩的很愉快｡"
羊角山顶的静谧之地,2016-11-06T01:46:29.000Z,房东很热情好客!良好的沟通!
"山景微墅,品质旅行,在佛冈碧桂园清泉城尽享温泉､富氧山居",2019-03-03T06:06:21.000Z,还不错
"山景微墅,品质旅行,在佛冈碧桂园清泉城尽享温泉､富氧山居",2019-02-14T05:42:29.000Z,"帮朋友订的,朋友说不错"
"山景微墅,品质旅行,在佛冈碧桂园清泉城尽享温泉､富氧山居",2019-02-11T05:21:46.000Z,"舒适的环境,独特的设计"
"山景微墅,品质旅行,在佛冈碧桂园清泉城尽享温泉､富氧山居",2018-09-30T05:13:15.000Z,"空气好､环境好､美女房东小盈人更好,总之住的非常嗨皮!下次来还会找小盈｡"
"山景微墅,品质旅行,在佛冈碧桂园清泉城尽享温泉､富氧山居",2018-07-18T07:15:32.000Z,房子很好!
"山景微墅,品质旅行,在佛冈碧桂园清泉城尽享温泉､富氧山居",2018-07-08T06:32:58.000Z,"房源位于楼宇顶层,观景好,而且边位,窗户多,通风采光好｡空气清新,环境优美安静｡阳台够大,阁楼有特色,适合一家大小度假｡美中不足是次卧没有空调｡"
"山景微墅,品质旅行,在佛冈碧桂园清泉城尽享温泉､富氧山居",2018-04-30T07:24:26.000Z,"很棒,房东姐姐人很好声音好听,玩的很开心"
"山景微墅,品质旅行,在佛冈碧桂园清泉城尽享温泉､富氧山居",2018-03-25T06:27:20Z,"美女老板服务好,房间干净整洁,还有意想不到的惊喜!下次还选美女小盈,哈!"
"山景微墅,品质旅行,在佛冈碧桂园清泉城尽享温泉､富氧山居",2017-02-01T03:10:55Z,"房子挺不错的,性价比很高,我个人住得很舒服,空气很好,房东也比较照顾我们｡就是小区还在建设,会所很小,娱乐设施一般,只有一个羽毛球场和两个乒乓球台,一个泳池,健身室没什么玩,主要还是小卖部都没有,运动需要喝水的小伙伴注意自己带水了,附近有超市,停车收费一晚上5元~~不过如果想要运动或者度假,我觉得是完全足够了,必须开车来,如果坐车会很不方便｡下次还会再来"
"山景微墅,品质旅行,在佛冈碧桂园清泉城尽享温泉､富氧山居",2016-12-04T00:34:47Z,"环境很给力,窗外的风景超好,而且整个碧桂园园区环境也是超级好,很完美的一次体验,房子和照片完全一致,设施很齐全,房东非常非常好,说话很温柔的美女,哈哈哈哈哈,去清远的话一定要去体验一次,对了,温泉也很给力,用美女房东给的业主卡便宜了好多钱,总之就是好,完美的旅行｡｡｡"
"山景微墅,品质旅行,在佛冈碧桂园清泉城尽享温泉､富氧山居",2018-07-14T06:43:14Z,.
清远佛冈碧桂园清泉城四房七床带KTV温泉豪华半山别墅,2018-04-01T08:52:39.000Z,"园区环境很好,比较安静,离温泉很近,自己开车会比较方便｡别墅设施齐全,适合家人或一群朋友度假｡附近超市比较少,建议可以提前准备好｡整体体验很好,比较满意"
"碧桂园清泉城亦家度假温泉别墅温泉KTV四房7床,大露台靓景观麻将烧烤轰趴嗨翻天",2019-03-24T05:37:30.000Z,"房间和房东表现都是相当不错的,虽然有少许瑕疵,不过值得入住｡"
"碧桂园清泉城亦家度假温泉别墅温泉KTV四房7床,大露台靓景观麻将烧烤轰趴嗨翻天",2019-01-28T06:08:04.000Z,"空气不流通的房间有点异味,其他都很好"
"碧桂园清泉城亦家度假温泉别墅温泉KTV四房7床,大露台靓景观麻将烧烤轰趴嗨翻天",2019-01-14T08:43:49.000Z,挺好的!一切都
"碧桂园清泉城亦家度假温泉别墅温泉KTV四房7床,大露台靓景观麻将烧烤轰趴嗨翻天",2018-09-14T07:46:16.000Z,"很愉快的一次临时出行,房东和管家接待都很热情,别墅位置很好,景观很漂亮,在露台就可以看到全景,设施挺齐全的,可以泡温泉,太阳能热水器洗澡水量挺大很舒服,而且干净卫生,住起来挺舒心｡"
"碧桂园清泉城亦家度假温泉别墅温泉KTV四房7床,大露台靓景观麻将烧烤轰趴嗨翻天",2018-08-21T06:39:37.000Z,"环境不错,空气很好,适合一群自家兄弟过去一起玩耍"
"碧桂园清泉城亦家度假温泉别墅温泉KTV四房7床,大露台靓景观麻将烧烤轰趴嗨翻天",2018-08-19T06:09:57.000Z,还不错
"碧桂园清泉城亦家度假温泉别墅温泉KTV四房7床,大露台靓景观麻将烧烤轰趴嗨翻天",2018-06-02T06:24:22.000Z,"住宿的整体体验非常好,房间布局合理,非常的宽敞,独栋别墅的惬意;虽然当天下了雨,但是能够坐在阳台上欣赏雨中的美景,也是非常不错的体验｡"
"碧桂园清泉城亦家度假温泉别墅温泉KTV四房7床,大露台靓景观麻将烧烤轰趴嗨翻天",2017-11-19T06:22:29Z,"超市很方便,想要的都能买到!所有用具都很干净!"
"碧桂园清泉城亦家度假温泉别墅温泉KTV四房7床,大露台靓景观麻将烧烤轰趴嗨翻天",2017-08-13T06:15:53Z,很不错的!
田源民宿,2019-02-14T08:33:19.000Z,"一次美好的出游｡地位准确,依山傍水,远离城市的喧嚣,享受静谧的乡村生活,周边有几个免费玩乐的好去处:没开发的溶洞探险､小草原､水库等｡另一个被吸引的是房东的妈妈煮的好菜色,一日三餐都在这吃了｡"
田源民宿,2018-04-07T07:46:09.000Z,"房子坐落于一个比较原生态的村庄里,周围景色很美,而且可以做的事情很多,摘野果,去山洞探险,去附近的大草原玩,如果天气好,还能去船底顶徒步,村庄外有个不错的桑果园,是采桑果的好去处,逢四号,七号还能去附近的镇子赶集,买到新鲜的当地食材｡房东热情好客,尽可能为客人提供帮助｡很棒的体验,还会再去的｡"
田源民宿,2017-10-25T07:40:55.000Z,"房东是一位热情的小伙子,全家人都十分好客,虽然只住了一晚,但的确宾至如归｡房子稍偏远,但很干净卫生,能为我们准备饭菜,口味很好,价格也很公道,离罗坑草原很近,大概步行五分钟,周围还有小树林和茶园,再远一些有个未开发的溶洞也值得一去｡如果希望去船底顶或者周边徒步登山的朋友可以提前联系房东做向导哦!期待下次做客!"
田源民宿,2017-10-04T06:23:21.000Z,"偶然间发现的一家民宿,环境非常好,房东热情好客,值得推荐!"
田源民宿,2017-07-09T10:10:20.000Z,"十分干净!房东一家热情好客,周围景色实在太美了,值得再来几次!"
趣墅·清远佛冈清泉城1号半山私家温泉别墅|5房8床|麻将烧烤,2017-07-03T11:53:00.000Z,安静舒适
趣墅·清远佛冈清泉城1号半山私家温泉别墅|5房8床|麻将烧烤,2017-02-06T00:50:17.000Z,挺好
趣墅·清远佛冈清泉城1号半山私家温泉别墅|5房8床|麻将烧烤,2017-08-06T05:40:20.000Z,"很安静,房东也很给力"
高品号邮轮·利舞台空中K歌spa别墅8房14床,2018-07-22T06:37:49.000Z,回复积极
高品号邮轮·利舞台空中K歌spa别墅8房14床,2017-12-08T07:37:47.000Z,"房子房间很多,我们18个人,轻轻松松住下,VR,温泉什么的其实并不能用｡管家人都很好,都尽量满足我们的需求,谢谢!"
高品号邮轮·利舞台空中K歌spa别墅8房14床,2017-10-20T06:21:43.000Z,"我们这次是班聚出游,何管家很好,给我们安排妥当住宿,这次班游很开心,房子十分适合聚会~"
高品号邮轮·利舞台空中K歌spa别墅8房14床,2017-09-24T08:20:01.000Z,"管家早上联系我,到了之后给我带路,我们23个人去都住的下还有空的,非常清净,自己人想怎么玩闹都可以,公司团建的好选择,漂流也好玩"
高品号邮轮·利舞台空中K歌spa别墅8房14床,2017-08-06T05:44:28.000Z,"房间很多很大,可以住很多人,设备齐全"
高品号邮轮·利舞台空中K歌spa别墅8房14床,2017-07-31T09:06:57.000Z,设备较齐全 卫生干净 位置独立较安静 院子很适合烧烤 但可以考虑在靠外点的地方加多点灯
高品号邮轮·利舞台空中K歌spa别墅8房14床,2017-06-16T07:43:36.000Z,管家十分负责 人也很好!房子很不错｡住房和娱乐都能很好的满足住户｡
高品号邮轮·利舞台空中K歌spa别墅8房14床,2017-06-09T05:47:45Z,"地理位置不是特别好所以去之前一定要弄清楚位置,每个房间都有一次性洗漱用品和毛巾,基础设施也非常完善,是一次很好的住宿体验,适合开home趴"
清远高品会·百老汇spa双拼别墅6套房9床7卫,2018-12-31T06:23:18.000Z,"房东管家一大早就联系我了,沟通很及时,去住交代很清楚｡环境不错,停车也方便,我们一行人玩的跟我高兴,只是后门那个灯坏了,晚上烧烤不怎么方便,希望房东修一下｡三楼的门有点低矮,其他还是挺满意的!"
清远高品会·百老汇spa双拼别墅6套房9床7卫,2018-04-22T08:53:20.000Z,性价比OK的出行选择
清远高品会.维也纳spa别墅7房9床,2018-01-21T08:08:25.000Z,"这个房子很棒,管家很赞,很舒服的环境,而且设施很全"
清远高品会.荷里活spa别墅 六房8床,2017-10-01T08:37:14.000Z,屋子很大很漂亮!适合团队出来玩或者家庭出来聚会!房东人很nice!家里很干净!下次来还会住!
清远高品会.荷里活spa别墅 六房8床,2017-06-11T06:07:25.000Z,"总体不错,就是设备有点旧,可以考虑在客厅添置游戏机"
紫晴雅筑,2019-01-01T06:45:41.000Z,"这次清远温泉之旅我们是去了三天两夜,没有对比就没有差距,这一家简直太棒了节假日出行物价真的飞涨,但是这一家别墅首先价格真的很实惠,第二别墅十分干净整洁,第三管家服务很贴心,有问必答有求必应,第四房东十分热情周到!"
紫晴雅筑,2018-12-16T06:34:44.000Z,"别墅环境幽静,设施齐全,管家人性化服务"
紫晴雅筑,2017-12-31T07:19:34.000Z,"位置不错,房子很干净舒适,适合一家老少入住｡"
紫晴雅筑,2017-08-13T08:42:23.000Z,"环境非常好,老板人也很nice,带着小孩去的,玩的很开心,厨房里面东西很齐全,我们还煮了早餐｡三个家庭一起去的,都很满意｡祝老板以后生意越来越好"
紫晴雅筑,2017-11-05T06:51:38.000Z,"房子真的非常好~环境很美,设施什么的也很完善,下次来清远还要住这里!房东和管家非常尽职尽责｡要是能有秋千摇椅这种坐着吹风的用具就更棒啦"
佛冈碧桂园清泉城凤凰温泉度假别墅,2018-09-02T07:07:36.000Z,"过去需要 (Hidden by Airbnb) 交 (Phone number hidden by Airbnb) 押金｡总体入住正常,不过不失,房价也确实给了优惠,就是ktv是设在其中一个房间不太方便,晚上如果人多,洗澡的热水根本不够｡"
佛冈碧桂园清泉城凤凰温泉度假别墅,2018-05-26T07:14:14.000Z,"周围生活方便,有大超市,有很多吃饭的地方,开车几分钟就到了｡性价比很高,适合朋友小聚｡"
[铭南]望山复式2房公寓/森波拉/观音山/羊角山,2018-12-31T06:49:50.000Z,还不错的选择干净整洁的loft｡还有一个大大大阳台｡两个房间 一个有窗 一个无窗｡牙刷毛巾什么的都很齐全哦
[铭南]望山复式2房公寓/森波拉/观音山/羊角山,2017-08-27T06:24:02.000Z,"房东很亲和,电话沟通良好｡房间位置比较安静,超级大的阳台对着山,空气清新,但房间设施仍有待改善,如客厅无窗帘,2个窗都面向对面高层,透明度有些高;洗手间无任何挂钩,衣服无法摆放等,期待以后再入住时有所改变哦｡"
[铭南]望山复式2房公寓/森波拉/观音山/羊角山,2017-07-16T08:36:07.000Z,"房子不错,复式楼!周边环境很好!视野开阔｡"
恒大金碧天下~领寓-非凡,2017-09-01T07:31:55.000Z,"虽然房东远程遥控,但沟通真的很好｡公寓是新房而且是样板房｡离恒大足校很近｡下次来还会选择这里"
清远包别墅英德包别墅,2018-03-31T05:13:52.000Z,"满满的意外与惊喜,房间干净,清爽,宽敞,明亮,山庄有很多休闲娱乐,麻将桌,烧烤,钓鱼,摘果子,还可以沿着河边散步,最喜欢夜晚我们一帮人在屋顶的露台嗑着瓜子看星星月亮,一大家子玩的很开心,下次有机会还会再来｡"
碧桂园清泉城《高端》山景风情两房一厅,2019-02-09T07:58:28.000Z,"一会说有房,一会又说没房,还说退钱,真的非常无语｡去到又说没水,搞了很长时间,体验真的非常糟糕"
碧桂园清泉城《高级》豪华套房,2017-12-24T08:36:44.000Z,"环境非常好,小区里面可以滑草玩,地点有点偏,房间设施(床,热水器)有待改善｡"
[铭南]美容师之度假精装别墅,2019-02-08T05:18:49.000Z,"房源与描述相符,带两个宝宝住了几晚,还算便利,房东人很好｡独门独院,体验特别棒,小孩到处跑也不用担心跑丢,饭都吃得比平时多,卡啦OK效果也很棒,就是嗓子经不住嚎,唱了一次体验了一下就再没开过了｡别墅依山而建,特别安静,所以必须开车进出｡唯一小小的缺点是准备的被子太厚了,加上广东地区过年的气候,热得睡不着,然后就是山里蚊子有点肥,必须要防范一下,不能因为是冬天就放松警惕!"
"【趣墅】清远佛冈碧桂园清泉城·泰自在半山温泉别墅|花园私家温泉泡池BBQ麻将厨房,近森波拉度假区",2018-06-23T08:50:04.000Z,"环境挺好,泳池放水较慢,厨房不要同时用大功率电器｡附近超市比较坑"
恒大别墅雅典娜景观露台家庭大套房,2018-01-01T06:32:30.000Z,"交通方便,定位准确｡下高速就到｡5星别墅体验,房东大哥很热心,很有才华｡书法特别厉害｡感谢大款待期待下次再次入住｡"
恒大金碧天下生态墅一楼富士山雅室,2017-11-26T05:06:56.000Z,"房东很热情,我去到已经很晚了还是在门外等我们怕我们找不到路,房子超级干净､整洁,设施很齐全,家电用品及娱乐设施都很全,是一个很适合休闲娱乐放松的房子｡"
山泉山庄(豪华套房),2018-12-16T05:04:22.000Z,"带我们到村中看,有碉楼哦"
山泉山庄(豪华套房),2018-03-27T06:28:26.000Z,"别墅坐落在山脚下,小河边,房间非常好,房东热情好客,如回家般温馨,可以感受到当地的纯朴｡特别是房东自家养的走地鸡,味道一极棒,不错的一次旅行体验!"
佛冈碧桂园清泉城妮妮亲子度假房,2018-12-31T06:29:57.000Z,"小盈的声音很好听...
房间特别好,位置也很美,天气好的时候视线是非常好的,除了管家阿丽不是特别专业之外,其他的体验都是非常好的,冬天的暖气非常舒服,我们开了一整天...
我和朋友是中午到的,去到旁边的农庄吃饭后午休到晚上,小盈帮我们定了温泉,90/人的消费也是非常划算的,我觉得晚上过去温泉景色更迷人,我是第一次晚上去温泉｡
总之各个体验都很好,但没车的话就可能不方便了｡"
佛冈碧桂园清泉城妮妮亲子度假房,2018-08-12T08:09:49.000Z,房东很热情很好
佛冈碧桂园清泉城妮妮亲子度假房,2017-10-29T06:25:29.000Z,"房东跟热情,声音很好听,房子很舒服,冬天在阳台享受阳光相信会更舒适"
[博雅居]温馨两房一厅 英西峰林/洞天仙境九龙小镇/老虎谷漂流,2019-02-07T07:12:19.000Z,"房东人很不错,提前退房也毫不犹豫答应了｡房间位置还可以,周围景色也还不错｡"
[博雅居]温馨两房一厅 英西峰林/洞天仙境九龙小镇/老虎谷漂流,2018-10-21T06:13:06.000Z,"住所位置很好,吃饭方便,离景区也非常近｡房东人超好,我们不熟悉的问题快速帮忙解答景点,饭店｡墙裂推荐"
[博雅居]温馨两房一厅 英西峰林/洞天仙境九龙小镇/老虎谷漂流,2018-10-19T05:09:37.000Z,"房子很干净很温馨,还可以做饭,有种住在家里的感觉,很舒服｡房东人很友善很好说话,回答问题也很及时,是一次很不错的入住体验｡"
[博雅居]温馨两房一厅 英西峰林/洞天仙境九龙小镇/老虎谷漂流,2018-08-26T07:10:25.000Z,"入住的时候房间的被子是刚清洗干净的,客厅有电视看,也有wifi,房东挺贴心,会耐心告知屋里的东西使用,这几点不错｡不足的是房间空调噪音有点大,浴室花洒建议换下,水流太小了｡还有镜子在阳台上,第二天才找到镜子用"
[博雅居]温馨两房一厅 英西峰林/洞天仙境九龙小镇/老虎谷漂流,2018-07-22T07:47:30.000Z,"环境不错,住址就黄花镇上,在景点附近,配套设施齐全,厨房可以自己煮饭,就地址有点模糊,在导航上找不到,后来问房东才找到导航上的地址,感觉洞天仙境值得一游,九重天和峰林胜景浪费门票,没什么好看的,除非你去漂流,附近的黄花公园和赵州古桥也是浪费时间的,特产有笋岗,腐竹,豆腐等,都很好吃!"
[博雅居]温馨两房一厅 英西峰林/洞天仙境九龙小镇/老虎谷漂流,2018-04-06T08:20:40.000Z,"地理位置不错,离景点都很近,开车自驾比较方便｡房东以及家人都很好客,还专门为客人准备了新牙刷和新水杯很贴心,早上家人还为我们准备了早餐｡只是有一点如果能改进那就最好了,就是预订的时候以为房子是我们自己住的,去到才知道会与房东家人一起住｡如果是会有可能与房东或房东家人一起住的话,提前告知或者写在房源介绍里面,让访客有个心理准备那就更加好了｡不过总体来说,还是不错的｡"
文頭仔屋,2018-10-03T07:45:43.000Z,"房东很nice,服务热情周到,房间干净整洁,装修给人小清新的感觉｡无敌江景,免费泳池温泉,很适合全家人或亲朋好友小憩几天｡"
文頭仔屋,2018-04-07T07:10:33.000Z,一線江景 娛樂設施豐富
碧桂园清泉城鑫飞扬度假别墅,2019-02-13T08:05:44.000Z,总体环境各种还是很好的~ 对于有小孩子的家庭还可以多增加一点水里的玩具 增加趣味性~
高品号邮轮·空中红馆k歌spa别墅8房16床,2018-09-06T08:14:12.000Z,"房源真心不错,我们是公司聚会,本来还担心有些同事不够住,结果床都是1.5以上的｡每个人都够房间用｡不错!"
高品号邮轮·空中红馆k歌spa别墅8房16床,2018-05-13T05:54:18.000Z,"主题很有意思,房间布置很棒,床也很大,小伙伴们玩的很开心~"
高品号邮轮·欢乐今宵利舞台双连幢spa别墅15房26床,2018-10-21T08:28:48.000Z,服务态度好 房间设施齐全 很好玩
佛冈清泉城之家,2018-02-21T07:19:55.000Z,"环境优美,安静,小区管理严格,房间的隔音做德很好,房子里面各种生活设施都齐备了,如果需要做饭的人士,需要自带油盐酱醋｡房东回复及时,热情,给予了一些游玩的建议参考,管家能及时到达帮助我入住,总的来说性价比高的房子,下次如果还是3-4人去游玩,还是会再来住的｡另外这里距离森波拉温泉很近,还有观音山也不远,可以尝试这边有名的三八鸡粥,顺便在观音山脚下的农庄带只走低鸡回家,20元一斤,棒极了!"
清远佛冈温泉度假别墅望湖带私人泡池烧烤麻将KTV4房8-21,2018-09-24T05:38:40.000Z,"假期可以考虑去,但是接待的人态度非常不好,并且没有办法说普通话,让我们很尴尬,话筒没有电,送电池的人员态度及其差,摆臭脸,让我们很扫兴"
清远佛冈温泉度假别墅望湖带私人泡池烧烤麻将KTV4房8-21,2018-04-06T08:45:21.000Z,"总体很好,下次还会去住｡"
清远佛冈温泉度假别墅带泡池麻将烧烤KTV4房17-22,2018-05-12T08:09:45.000Z,"很棒的一次体验,房东非常热情强烈推荐｡交通便利从高速下来就是了｡很好找｡设备齐全洗漱什么的都很齐全,温泉放水要30分钟还不错｡管家很nice很晚邦我们买牌啤酒"
"清远恒大七房温泉豪华别墅近新银盏温泉､古龙峡玻璃大峡谷,配日式温泉池､独立KTV房､烧烤炉､电动麻将",2019-02-20T07:42:10.000Z,"很不错,附近️运动中心,别墅内可以烧烤,烧烤食材也可以去市场买,很近,位置很方便,也可以直接叫外卖送过来,大家也玩的很开心｡"
"清远恒大七房温泉豪华别墅近新银盏温泉､古龙峡玻璃大峡谷,配日式温泉池､独立KTV房､烧烤炉､电动麻将",2019-02-12T06:52:55.000Z,"周边环境挺好,里面布局豪华装,️K歌厅,烧烤花园和打️,是朋友同学‍‍公司聚会的好地方,附近农庄的特色菜也不错"
"清远恒大七房温泉豪华别墅近新银盏温泉､古龙峡玻璃大峡谷,配日式温泉池､独立KTV房､烧烤炉､电动麻将",2019-01-14T06:45:41.000Z,"对于住,只能说一般般,卫生间沐浴露没有,被单不干净,上面都有脚印｡重点说一下吃的方面,我们是给了食材单然后管家采购,结果并没有按照要求买,多了很多很多,以至于浪费了很多很多｡总体来说,也就一般吧"
"清远恒大七房温泉豪华别墅近新银盏温泉､古龙峡玻璃大峡谷,配日式温泉池､独立KTV房､烧烤炉､电动麻将",2018-08-22T06:20:24.000Z,"附近设施不完善,人气也不怎么旺 但是想清净一点是很不错的,我住的时候就是附近都没人｡"
"清远恒大七房温泉豪华别墅近新银盏温泉､古龙峡玻璃大峡谷,配日式温泉池､独立KTV房､烧烤炉､电动麻将",2018-07-22T06:56:29.000Z,"基本如图展示,整个房源还是非常不错的,6间房,带一个KTV,后院有烧烤架,整个别墅区的环境和氛围都非常不错｡只不过周末的价格实在太高了,加上Airbnb的服务费已经明显超出了正常范围｡周边的华润超市比较下,开车1.5公里,建议很多东西还是自带"
"清远恒大七房温泉豪华别墅近新银盏温泉､古龙峡玻璃大峡谷,配日式温泉池､独立KTV房､烧烤炉､电动麻将",2018-07-08T05:33:51.000Z,"环境不错,房间住的很舒服,管家响应及时"
"清远恒大七房温泉豪华别墅近新银盏温泉､古龙峡玻璃大峡谷,配日式温泉池､独立KTV房､烧烤炉､电动麻将",2018-07-06T07:08:12.000Z,还可以的
"清远恒大七房温泉豪华别墅近新银盏温泉､古龙峡玻璃大峡谷,配日式温泉池､独立KTV房､烧烤炉､电动麻将",2018-06-26T06:38:09Z,安静休闲
"清远恒大七房温泉豪华别墅近新银盏温泉､古龙峡玻璃大峡谷,配日式温泉池､独立KTV房､烧烤炉､电动麻将",2018-06-21T05:13:17Z,挺不错的
"清远恒大七房温泉豪华别墅近新银盏温泉､古龙峡玻璃大峡谷,配日式温泉池､独立KTV房､烧烤炉､电动麻将",2018-06-20T06:35:28Z,"别墅离古龙峡漂流就15分钟车程,管家热情,服务周到,设施齐备,装修豪华,环境优美｡尤其有独立ktv房､私家温泉池､韩式烧烤炉,太贴心了｡强烈推荐｡"
"清远恒大七房温泉豪华别墅近新银盏温泉､古龙峡玻璃大峡谷,配日式温泉池､独立KTV房､烧烤炉､电动麻将",2018-06-15T06:49:31Z,不错下次再来
"清远恒大七房温泉豪华别墅近新银盏温泉､古龙峡玻璃大峡谷,配日式温泉池､独立KTV房､烧烤炉､电动麻将",2018-05-01T18:29:02Z,"房间干净整洁,设施很新,功能也很多,适合多年龄层次居住"
"清远恒大七房温泉豪华别墅近新银盏温泉､古龙峡玻璃大峡谷,配日式温泉池､独立KTV房､烧烤炉､电动麻将",2018-02-21T05:35:27Z,"过年的时间过来,周边环境十分安静,入住率不高｡去景点都有10公里以上的路程｡恒大的设施还算可以,超市,农庄有但选择性不多｡别墅有三层,10个人左右比较舒适,空气清新｡"
"清远恒大七房温泉豪华别墅近新银盏温泉､古龙峡玻璃大峡谷,配日式温泉池､独立KTV房､烧烤炉､电动麻将",2018-02-20T08:41:58Z,"别墅环境很好,设置很齐全,性价比也很高,管家服务很贴心｡周边有华润超市,也有蔬果超市及恒大的运动中心,设置比较齐全｡建议可以多玩几天,规划周边的旅游,夏天白天就去黄腾峡漂流,晚上回来烧烤,冬天白天去银盏泡温泉,晚上回来烧烤｡旁边也有牛鱼嘴玻璃桥和玻璃栈道可以去玩｡
    总之,这里是一次愉快的入住体验,下次还会来!"
清远佛冈温泉带麻将近英伦小镇复式微墅2房,2018-09-18T06:33:35.000Z,"房屋很干净,设备还有冲凉的一些东西都很齐全,作为民宿很实惠了价格也不贵"
清远佛冈温泉带麻将近英伦小镇复式微墅2房,2018-09-16T08:05:42.000Z,阳台门锁不了｡洗手间洗手盆整个台快倒塌了｡站在二层的木板上叽叽嘎嘎的让人害怕极了｡
清远佛冈温泉带麻将近英伦小镇复式微墅2房,2018-08-13T05:31:16.000Z,"1. 環境,複式兩房三床公寓,外圍環境,就是渡假的環境,有草地有室外游泳池,但是設備還不夠完善,吃個飯都要開車出去,最近的超市也要開車出去｡內部環境,整體格局就是圖片那樣,但是實際分給我的房子有一間房間沒有空調,只有風扇,給房東放映情況,完全失聯不回覆!麻將台桌子壞了,會傾斜,麻將還少2隻,所以是完全不能打麻將的
2. 交通,附近其實都比較荒涼,都是自駕過去,停車費很便宜,12元24小時
3. 溝通,抵達住所前的諮詢都回覆得很快,但入住後發現了問題,房東就沒有再理我了,呵呵｡｡另外,還有本來說的提前一天,會有人主動聯絡我溝通入住問題,結果直至前一天晚上8點,仍沒有人找我,還是我自己主動找回房東要了管家的聯繫方式

總的來說,住的環境是相對滿意的,反而是人與人的溝通令我有點失望"
清远佛冈温泉带泡池独立KTV麻将机独栋别墅4房1-11,2018-08-13T05:11:22.000Z,"还可以
"
清远佛冈温泉带泡池独立KTV麻将机独栋别墅4房1-11,2018-07-20T07:30:54.000Z,"地点方便好找,管家热情负责,设备用品齐全,性价比很高｡"
清远佛冈温泉带泡池独立KTV麻将机独栋别墅4房1-11,2018-07-16T05:02:11.000Z,"跟房东沟通过程很不错的,房东人很好｡不过现场房管阿姨要认真点维护好现场卫生｡"
清远佛冈温泉带泡池独立KTV麻将机独栋别墅4房1-11,2018-05-29T08:58:29.000Z,"很nice的店主,房子也很整洁干净ins,拍照啥的都很不错,没毛病!!!"
"清远恒大五房日式SPA别墅近新银盏温泉古龙峡玻璃大峡谷,配日式SPA浴､KTV设备､烧烤炉､电动麻将",2019-02-13T07:07:09.000Z,"1.尽管只住了一天,但是夜景很美,房屋干净整洁,环境不错 (Website hidden by Airbnb) 2.离旅游景点很近,自驾游也很方便 (Website hidden by Airbnb) 3.这一天内,清远天气也很好,心情也不错｡"
"清远恒大五房日式SPA别墅近新银盏温泉古龙峡玻璃大峡谷,配日式SPA浴､KTV设备､烧烤炉､电动麻将",2019-02-11T06:09:25.000Z,"这是一家非常暖心,非常️感觉的别墅,幸福感满满,管家也很热情,别墅也非常漂亮,房间住的很舒服,给人一种轻松自在的感觉,早上看日出好美,蓝天白云,清闲,都不想动,静静发呆很幸福｡"
"清远恒大五房日式SPA别墅近新银盏温泉古龙峡玻璃大峡谷,配日式SPA浴､KTV设备､烧烤炉､电动麻将",2018-10-28T08:58:48.000Z,"很好,什么都齐全,但是门坏了没有提前告诉我,虽然对我也没多大影响,但是介意的话就不好办了,总体来说还是性价比很高的,距离各个景点距离也还可以｡"
"清远恒大五房日式SPA别墅近新银盏温泉古龙峡玻璃大峡谷,配日式SPA浴､KTV设备､烧烤炉､电动麻将",2018-10-07T08:48:05.000Z,不错
"清远恒大五房日式SPA别墅近新银盏温泉古龙峡玻璃大峡谷,配日式SPA浴､KTV设备､烧烤炉､电动麻将",2018-07-30T06:42:13.000Z,"管家很nice,房间比想象中的要好,没有电视｡前院很大,放台车还可以BBQ."
"清远恒大五房日式SPA别墅近新银盏温泉古龙峡玻璃大峡谷,配日式SPA浴､KTV设备､烧烤炉､电动麻将",2018-07-19T07:33:05.000Z,好
"清远恒大五房日式SPA别墅近新银盏温泉古龙峡玻璃大峡谷,配日式SPA浴､KTV设备､烧烤炉､电动麻将",2018-06-05T07:23:42.000Z,"住宿环境可以,适合多人一起去玩住宿的好地方"
"清远恒大五房日式SPA别墅近新银盏温泉古龙峡玻璃大峡谷,配日式SPA浴､KTV设备､烧烤炉､电动麻将",2018-05-28T07:04:49Z,"很好,位置很清晰,管家也很负责,该有的都有,的确很适合聚会或自驾游,我们来漂流的,客服对地点也推荐 建议｡很不错,下次来还会选择这里,图片也很真实"
"清远恒大五房日式SPA别墅近新银盏温泉古龙峡玻璃大峡谷,配日式SPA浴､KTV设备､烧烤炉､电动麻将",2018-05-06T08:11:23Z,性价比还是很高的 房间不错 环境很好
"清远恒大五房日式SPA别墅近新银盏温泉古龙峡玻璃大峡谷,配日式SPA浴､KTV设备､烧烤炉､电动麻将",2018-07-08T06:27:19Z,nice
清远英德江景温泉游泳度假式住宅--给你的云海江湾的美好度假生活,2019-01-01T07:12:37.000Z,房子位置很好 面对江景 个人建议夏天度假尤为适合 只是周边景点较少 房东很nice 有问必答 耐心体贴
清远英德江景温泉游泳度假式住宅--给你的云海江湾的美好度假生活,2018-10-03T06:39:09.000Z,"房间设施好,风景也很好｡业主热情,回复迅速｡下次如果回去,会再次选择｡推荐!"
清远英德江景温泉游泳度假式住宅--给你的云海江湾的美好度假生活,2018-10-02T06:36:22.000Z,感觉挺好
清远英德江景温泉游泳度假式住宅--给你的云海江湾的美好度假生活,2018-05-27T05:47:46.000Z,"连江边上的酒店式公寓,和温泉酒店同栋楼,房子干净整洁,有一次性洗漱用品,楼下就是泳池和温泉,都是免费使用的,停车也好停,没有停车费,小镇很安静,连江风景一览无余｡非常适合一家人或者朋友相伴旅游放松,到清远市区车程1个小时,去漂流然后过来游泳很惬意｡房东人很好,回复很快,很愉快的旅程,谢谢!"
(森波拉奇妙世界旁4室豪华大床房)佛冈县碧桂园一剪梅度假公寓,2018-07-15T06:05:28.000Z,"房东是当地人很nice~楼下泳池收费15/人,很划算~房间设施基本齐全~比较满意的一次入住!"
(森波拉奇妙世界旁4室豪华大床房)佛冈县碧桂园一剪梅度假公寓,2018-04-06T07:36:10.000Z,"必须给房东阿姨点个赞,价钱十分公道,没有像其他住宿清明节节假日抬高价｡而且很多注意事项也提前跟我们沟通,入住当天怕高速塞车还提醒我们路况指引,另外阿姨是本地人,去哪吃喝玩乐问阿姨就知道了,阿姨招呼我们入住还热情给我们品尝她家乡自制的应节美食,艾糍,比我老家还好吃哈,多谢｡长辈也很满意,希望下次有机会再来｡•ᴗ•"
清远佛冈碧桂园清泉城微微温泉美墅带泡池KTV麻将烧烤,2019-03-24T06:32:32.000Z,"房东热情好客,服务也不错,我们有啥需要或问题都第一时间帮我们解决!房子的环境及内部装修不错,住的还可以!"
清远佛冈碧桂园清泉城微微温泉美墅带泡池KTV麻将烧烤,2019-02-19T07:08:59.000Z,"非常好的体验,房间很干净,房东很好人"
清远佛冈碧桂园清泉城微微温泉美墅带泡池KTV麻将烧烤,2019-02-11T05:30:28.000Z,"房东很贴心,位置好找,出发设备基本齐全,拎包入住就可以了,第二次用爱彼迎,感觉方便,房东的价格在过年期间也很合理!家人朋友们都要得很高兴,感谢!"
清远佛冈碧桂园清泉城微微温泉美墅带泡池KTV麻将烧烤,2019-02-08T08:48:25.000Z,房租很棒 房东也很棒 一家人年初三去到玩饭很开心 推荐大家!!!
清远佛冈碧桂园清泉城微微温泉美墅带泡池KTV麻将烧烤,2018-12-16T07:21:29.000Z,房子很大 措施齐全
清远佛冈碧桂园清泉城微微温泉美墅带泡池KTV麻将烧烤,2018-10-05T05:46:58.000Z,"房子装修非常好,卫生干净,小区好安静,床垫非常服务,是渡假休息的好地方｡"
清远佛冈碧桂园清泉城微微温泉美墅带泡池KTV麻将烧烤,2018-08-05T07:53:28.000Z,"房东很好客,服务非常到位,回复飞快,而且我们没那么早到,已经有人在等我们了,为了我们的出入证明跑来跑去,真的辛苦了｡房子很舒服,特别是大厅,很宽阔,坐在那里都不起动了｡后面的园子虽然不算太大,但是足够很多人坐在那里烧烤聊天｡房间很整齐,而且还有一些书本,可以给小朋友看的书也有,十分周到｡有个温泉池小朋友很喜欢,每天早上都想着下水｡房子的配套很齐全,很完善｡下次再来一定这间｡"
清远佛冈碧桂园清泉城微微温泉美墅带泡池KTV麻将烧烤,2018-06-14T05:12:30Z,"第一次自己订民宿感觉非常好,房东家里干净舒适,小细节很用心,家居感觉浓厚,全五分,值得推荐"
清远佛冈碧桂园清泉城微微温泉美墅带泡池KTV麻将烧烤,2018-05-20T07:24:45Z,"环境优美,青山绿水,房东热情好客,度过一个愉快的周末"
清远佛冈碧桂园清泉城微微温泉美墅带泡池KTV麻将烧烤,2018-04-30T10:22:59Z,房东很nice!她家很干净 适合朋友聚会和一家人度假
清远佛冈碧桂园清泉城微微温泉美墅带泡池KTV麻将烧烤,2018-03-20T06:47:41Z,"放假带家人过来度假,房东非常的细心周到,让我们很快的入住,房子高档卫生,床很舒服,很有家的感觉安静舒适,尤其是房东精心设计的公主房,大小女生都非常喜欢,打牌唱歌聊天下雨也不闷,墙裂推荐有空还会再来!"
清远佛冈碧桂园清泉城微微温泉美墅带泡池KTV麻将烧烤,2018-03-11T05:22:21Z,"房主很热情很好客,一路关心我们有没有到,还很细致的告诉我们路线怕走错!房间家具设饰很豪华,特别二楼公主房特温馨,小朋友去了喜欢的不得了,全屋包括厨房都干净整洁!强力推荐,下次去首先!"
佛冈碧桂园温泉度假别墅6房10床+私家温泉池+超大私家花园+私家游泳池,2018-03-18T08:45:37.000Z,"和朋友一起聚会玩耍的好地方,尽兴......"
"浪漫满屋〔佛冈奥园公寓,靠近森波拉.聚龙湾〕",2018-12-15T05:05:39.000Z,"住宿很棒,交通打滴滴不贵也很方便,很值得"
"浪漫满屋〔佛冈奥园公寓,靠近森波拉.聚龙湾〕",2018-10-11T08:16:51.000Z,"挺满意,房东林姐热情好客给我推荐很多当地好吃的,房间干净舒服,很不错"
"浪漫满屋〔佛冈奥园公寓,靠近森波拉.聚龙湾〕",2018-10-07T07:45:03.000Z,"奥园公寓环境好,交通方便,房东热情好客,下次还会去住,有家的体验"
清远佛冈碧桂园玉石点缀别墅,2018-04-28T07:46:33.000Z,环境清净…适合度假
上海人家客栈,2018-04-07T08:33:35.000Z,"房东简直太热情,服务实在是太周到,不但帮我们切菜煲汤(汤非常美味!),还帮我们预定游船票,还给出了很多实用的游玩建议,全程服务完美无瑕!第一次住民宿有种被房东感动的感觉!房间也很干净,对着江边风景如画,很满意的一次出游,下次必定再去!"
(两房两厅)佛冈碧桂园温馨舒适公寓,2018-10-04T06:38:51.000Z,"来泡温泉,交通便利,房东很热情"
(两房两厅)佛冈碧桂园温馨舒适公寓,2018-07-25T08:36:33.000Z,"公寓很干净很温馨,比预期的好,如果客厅y有空调就更好了｡"
(两房两厅)佛冈碧桂园温馨舒适公寓,2018-04-17T06:49:48.000Z,"佛冈碧桂园环境非常好,泡温泉,逛植物园,吃农家菜,一家老小都玩得很开心,公寓设施也很好,空间很大,装修典雅温馨,干净整洁,房东梅姐很热情,对我们很照顾,推荐入住噢~"
佛冈碧桂园清泉城LOFT山居亲子度假房,2019-02-09T08:18:31.000Z,"房东很nice,很好的入住体验"
佛冈碧桂园清泉城LOFT山居亲子度假房,2019-01-20T06:43:07.000Z,"很不错,房东人也很好,非常满意的一次入住"
佛冈碧桂园清泉城LOFT山居亲子度假房,2018-06-17T07:41:24.000Z,"房子很不错｡空气很好,温泉就在不远的地方,有车接送(不过我问房东的时候房东告诉我去泡温泉只能自驾)｡但确实除了去温泉其他交通不是很便捷,只能自驾!!!"
佛冈碧桂园清泉城LOFT山居亲子度假房,2019-02-10T07:10:24.000Z,房東小姐姐超nice的!房間也很漂亮､環境很清淨!性價比挺高的~
佛冈碧桂园7房豪华轰趴温泉度假别墅带温泉池泳池麻将桌烧烤KTV,2019-03-22T05:19:11.000Z,The host canceled this reservation 40 days before arrival. This is an automated posting.
佛冈碧桂园7房豪华轰趴温泉度假别墅带温泉池麻将桌烧烤KTV,2019-03-25T07:11:46.000Z,"房间很好,装修很豪华｡比想象中的要好一点,厨房的用具过于简洁,碗筷都不齐"
佛冈碧桂园清泉城豪华欧式温泉别墅,2018-05-06T06:58:18.000Z,"房东反馈很迅速,问了很多问题都及时回答,入住后出现的一些问题打电话后管家也及时处理,自己运气很不好的是居然停水了弄的第二天早晨很狼狈｡打麻将,乒乓球,桌球,唱K,小朋友玩水,总体玩的很开心｡
建议改进的地方:床位大小放置位置的描述不完全正确;烧烤炉没有图片,描述里让人有可以一屋子人弄烧烤晚餐的错觉,其实那个烧烤炉就是很小很小烤肠子的炉子;放热水池的时候要提醒入住者留意水池的阀门是否关紧,我们第一天流了大半池水,第二天又停水,没泡成功｡"
"碧湖小筑,集装箱改造的亲水房屋,非一般的野外住宿体验",2018-12-25T07:28:53.000Z,很好的一个湖边小屋
"碧湖小筑,集装箱改造的亲水房屋,非一般的野外住宿体验",2018-12-12T08:12:46.000Z,"位置很妙,主人家的热情好客让人感动｡推荐给我们的当地的青菜豆腐牛肉烤鸡等等也真是难得的好吃~从这里出发,沿240往连江口方向去,雨后的景色可以说意外惊喜终身难忘了❤️"
"清远恒大四房温泉别墅近新银盏温泉､古龙峡玻璃大峡谷,配日式温泉池､高级KTV设备､烧烤炉､电动麻将",2019-03-03T05:15:20.000Z,"超级喜欢,超级实惠,地方又漂亮,又好找,周边东西也很实惠,环境也很舒服,还可以唱K､烧烤,管家也很热情,有什么问题都能帮我们解决｡"
"清远恒大四房温泉别墅近新银盏温泉､古龙峡玻璃大峡谷,配日式温泉池､高级KTV设备､烧烤炉､电动麻将",2019-02-12T06:28:35.000Z,"离开压力喧闹的城市,来到这边别墅,空气好,一大早起来打开窗户就能感受到新鲜空气,让人瞬间幸福感满足,独立安静的过下二人世界,谢谢店家️这么一个地方让我们️机会体会这种幸福｡希望更多的人去体验这种幸福｡"
"清远恒大四房温泉别墅近新银盏温泉､古龙峡玻璃大峡谷,配日式温泉池､高级KTV设备､烧烤炉､电动麻将",2019-01-17T08:17:35.000Z,"别墅很大､空气清新､环境一流,卫生､被铺非常干净,管家服务热情周到,随传随到!离新银盏温泉､古龙峡玻璃大峡谷景点很近｡别墅内可以泡温泉､烧烤､唱K､打麻将､厨房厨具样样齐全,在小区内农贸市场､华润万家购买烧烤材料走路都能到,非常方便!周边还有假山瀑布､松鼠营､山顶公园免费游览观赏,几个朋友还可以打一场CS真人对抗赛,很好玩｡吃饭附近也有很多农庄选择,价格实惠,我们一班朋友玩得很开心,下次有机会还会再来!"
"清远恒大四房温泉别墅近新银盏温泉､古龙峡玻璃大峡谷,配日式温泉池､高级KTV设备､烧烤炉､电动麻将",2018-11-18T07:30:19.000Z,"周围的别墅都是荒着的,晚上还是有点害怕的｡三楼外面的小卧室床单被罩脏的,厨房菜板,冰箱都是霉迹斑斑｡卫生间卫生水平也是县城招待所水平?不过有卡拉OK,麻将还是挺好"
"清远恒大四房温泉别墅近新银盏温泉､古龙峡玻璃大峡谷,配日式温泉池､高级KTV设备､烧烤炉､电动麻将",2018-11-05T08:55:34.000Z,"一个比较安静的别墅,左右邻近的别墅基本上是没有人住的状态｡离小区的出入口约10分钟脚程｡不是旺季的话楼盘内基本没什么可以吃的,要到附近的农庄吃饭｡去古龙峡约40分钟车程｡清远鸡好吃｡瘦身鱼非常多骨,虽然不腥,但真的很多细骨｡"
"清远恒大四房温泉别墅近新银盏温泉､古龙峡玻璃大峡谷,配日式温泉池､高级KTV设备､烧烤炉､电动麻将",2018-10-09T05:15:32.000Z,"服务很好,而且优惠｡"
"清远恒大四房温泉别墅近新银盏温泉､古龙峡玻璃大峡谷,配日式温泉池､高级KTV设备､烧烤炉､电动麻将",2018-10-03T06:32:09.000Z,"这个位置很适合居住因为很方便购买很方便,其中也有游泳cs等娱乐居住都很适合"
"清远恒大四房温泉别墅近新银盏温泉､古龙峡玻璃大峡谷,配日式温泉池､高级KTV设备､烧烤炉､电动麻将",2018-10-02T05:04:21Z,很棒!!!
"清远恒大四房温泉别墅近新银盏温泉､古龙峡玻璃大峡谷,配日式温泉池､高级KTV设备､烧烤炉､电动麻将",2018-09-24T08:04:49Z,"环境不错,设备一应俱全,是个很好的多人度假选择"
"清远恒大四房温泉别墅近新银盏温泉､古龙峡玻璃大峡谷,配日式温泉池､高级KTV设备､烧烤炉､电动麻将",2018-07-27T08:20:48Z,"整体来说是个比较荒凉的别墅,比起同价位的别墅,我觉得还是比我印象中差｡"
"清远恒大四房温泉别墅近新银盏温泉､古龙峡玻璃大峡谷,配日式温泉池､高级KTV设备､烧烤炉､电动麻将",2018-05-27T08:17:16Z,"别墅非常好,KTV效果超棒"
"清远恒大四房温泉别墅近新银盏温泉､古龙峡玻璃大峡谷,配日式温泉池､高级KTV设备､烧烤炉､电动麻将",2018-10-11T07:08:04Z,非常好
佛冈碧桂园四房七床欧式别墅,2019-02-05T07:47:59.000Z,"房间内设施不错,其他用品挺完善的,周边购物会不太方便,池子小了一点,温泉水也不多,但是房东人很好,跟他说后会加水!"
佛冈碧桂园四房七床欧式别墅,2018-11-04T05:24:00.000Z,"性价比很好,房东很热情,响应也很迅速,基础设施完备,值得选择｡"
佛冈碧桂园四房七床欧式别墅,2018-07-01T07:18:30.000Z,"挺好的,性价比挺高｡管家态度挺好,附近万田超市的东西也不贵,九点前可以让他们放温泉水泡澡｡"
英德连江口镇豪华江景公寓三房两厅,2019-02-09T08:03:13.000Z,"回应迅速,有问必答｡房间不错,阳台和房间都可以看到北江｡过年人多车多,车位不太够｡"
英德连江口镇豪华江景公寓三房两厅,2018-09-23T05:07:26.000Z,"房子很好,很干净,老人家入住孟说好｡房东沟通很快回应,很好,景观就不用说了,江景很舒服,楼下用泳池,温泉池也不错,宁静的小镇｡"
清远佛冈清泉城养生私家温泉麻将烧烤KTV儿童乐园聚会别墅,2019-02-26T06:52:43.000Z,"房子很干净,很好,有儿童设施,儿童玩起来也开心"
清远佛冈清泉城养生私家温泉麻将烧烤KTV儿童乐园聚会别墅,2019-02-18T08:11:48.000Z,和预期差不多
清远佛冈清泉城养生私家温泉麻将烧烤KTV儿童乐园聚会别墅,2019-02-16T05:09:30.000Z,"很惊艳的一次入住｡装修环境与图片一致,床品舒服,设施齐全,适合一大家庭或者朋友聚会｡非常感谢房东准备的一切儿童用品,让孩子们也度过了愉快的一天｡"
清远佛冈清泉城养生私家温泉麻将烧烤KTV儿童乐园聚会别墅,2019-01-20T07:48:07.000Z,"房东很好啊,回复很及时,准备的东西也很全,这趟去真的很舒服,稳稳妥妥,没有出现任何意外,超赞｡下次过来清远还会找房东的(･ω< )★"
清远佛冈清泉城养生私家温泉麻将烧烤KTV儿童乐园聚会别墅,2019-01-01T08:17:19.000Z,"房东霞姐非常亲切!整个沟通过程非常愉快,耐心地帮我们解答了好多问题~房子很干净,厨房用具很齐备,跟朋友一起来庆祝生日加跨年轰趴非常开心~"
清远佛冈清泉城养生私家温泉麻将烧烤KTV儿童乐园聚会别墅,2018-12-31T07:59:36.000Z,很愉快的一次朋友聚会!特别是室外的温泉♨️与本次成功入冬的相遇!
清远佛冈清泉城养生私家温泉麻将烧烤KTV儿童乐园聚会别墅,2018-12-16T07:46:54.000Z,"房东很nice,回应很迅速,而且很贴心,准备了很多工具,房子很干净舒适~东西很齐全,很适合聚会~我们都玩得很开心~比心推荐"
清远佛冈清泉城养生私家温泉麻将烧烤KTV儿童乐园聚会别墅,2018-12-02T05:15:41Z,"房东人很好,帮忙解决了没有带身份证不让进小区的问题,非常感谢!希望后面来的客人一定要记得带身份证!!!房子很干净,很温馨｡我们续住了几个小时,非常舒服!"
清远佛冈清泉城养生私家温泉麻将烧烤KTV儿童乐园聚会别墅,2018-10-28T08:25:01Z,真的很不错
清远佛冈清泉城养生私家温泉麻将烧烤KTV儿童乐园聚会别墅,2018-10-21T06:38:35Z,"挺不错的,有小孩子玩的设施｡我们的小朋友玩的很开心｡周边也有超市和农庄!"
清远佛冈清泉城养生私家温泉麻将烧烤KTV儿童乐园聚会别墅,2018-10-15T05:30:29Z,"两天一夜的清远之旅就此结束,这次入住的别墅真的很不错干净卫生,设备齐全,完全没有异味,我想要的宝宝滑梯,餐椅,浴盆,游泳圈都有哦[呲牙][呲牙]宝宝住的很开心~"
清远佛冈温泉欧式豪华带泳池乒乓球桌球投影ktv别墅7房(19-8),2019-01-03T06:32:28.000Z,"入住很愉快,房东和管家都很奶思,出了点小问题很快就解决了｡厨房可以做饭,只要不是弄得很脏都没问题不用加收费用,调料和碗筷需要自己带,附近就有超市,这个也很方便啦~主要是碧桂园环境好!"
清远佛冈温泉欧式豪华带泳池乒乓球桌球投影ktv别墅7房(19-8),2018-05-23T06:15:47.000Z,"在这里过了一个愉快的周末!欧式风格,很洋气,很豪华,很舒适,我们都很喜欢!房子很干净,房东也很nice,景色也不错,特别适合度假,我们自己带的菜,基本都有我们想要的厨具 哈哈!以后还会再来!"
清远佛冈温泉带泳池乒乓球泡池独立ktv独栋别墅5房16-20,2018-05-19T07:18:17.000Z,"第二次找这个房东租别墅,很有保障,房东对于客户的要求是会全面了解再进行匹配的,住的很舒服,继续努力｡"
清远佛冈碧桂园豪华中式7房轰趴聚会休闲度假温泉中空别墅带泳池ktv麻将,2018-06-09T07:06:58.000Z,"房东人挺好的,别墅还可以,但床有点硬不是我之前想的软床没那么舒服哈哈但问题不大｡"
清远佛冈碧桂园5房望湖别墅梵蒂冈之家(配有麻将､KTV､烧烤和温泉池)8-25,2018-06-06T07:15:54.000Z,"位置很好找,直接导航就找到了｡环境很不错,wifi速度也很快｡卫生搞得很好,很干净｡跟家人一起泡个温泉烧个烤,放松放松,这边的空气也超级好,很喜欢~"
"房子是我的家,我很爱惜它,希望可以带给你舒适感觉!",2018-10-05T06:54:19.000Z,"房子位于高速出口附近,位置很好｡房内卫生干净,很舒适｡房东人热情,沟通很顺畅｡"
清远佛冈碧桂园5房别墅梵蒂冈之家(配有独立KTV房､温泉池､麻将和烧烤)1-8,2018-06-05T07:49:32.000Z,"房东很好人很热情~问东西几乎是秒回!房屋卫生打扫得非常干净,很整洁｡环境装修的很好,是我喜欢的风格~住得也很舒适~位置也很棒啊,周边有好吃的好玩的,很适合几家人一起去度假放松!下次还会再来这家唷!"
"清远恒大金碧天下豪華5房 中空大厅別墅含KTV 碳烧烤, 厨房设备齐｡古龙峡漂流,玻璃栈道景区附近.",2019-01-01T07:11:22.000Z,和预想一样 设施齐全 有电磁炉有烧烤炉  就是房子太大暖气几乎感觉不到 房间暖气也很小晚上睡觉冷 厕所热水太热 其他很好
"清远恒大金碧天下豪華5房 中空大厅別墅含KTV 碳烧烤, 厨房设备齐｡古龙峡漂流,玻璃栈道景区附近.",2018-07-21T05:51:37.000Z,"别墅在清连高速附近,下高速后几分钟就到了,交通便利之外还备有停车位｡客厅､饭厅､厨房很大,我们总共10个人也能摊开玩｡入住体验好,房东态度也很好,所有问题都能及时响应,而且还介绍了很多当地好玩的景点,全程很满意,下次还会再来!"
"清远恒大金碧天下豪華5房 中空大厅別墅含KTV 碳烧烤, 厨房设备齐｡古龙峡漂流,玻璃栈道景区附近.",2019-01-20T08:57:58.000Z,體驗還是非常不錯的｡
"清远恒大金碧天下豪華5房 中空大厅別墅含KTV 碳烧烤, 厨房设备齐｡古龙峡漂流,玻璃栈道景区附近.",2018-07-20T08:38:34.000Z,"Amazing stay in 光兰's villa. It is convenient to reach main attractions on the island and the parking place is right in the villa. The butler guided and meet us with keys. He introduced the place and all equipment. Also gave us lots of recommendations for food and fun. That was very helpful. The space itself is even better than the photo which is very clean and tidy. Comfort beds, well equipped kitchen, nice outdoor pool, KTV room and the nearest beach is only in 10 mins. The overall experience is fantastic. We will definitely come back again.

滿分的住宿體驗!我們和家人們開車過來可以直接停到別墅裡,光蘭的管家熱情接待並仔細說明別墅內的設備,也推薦了很多好吃好玩的地方｡別墅裡總共有8張1.5米的大床和8張1.2米的加大單人床,床墊非常舒服,家人們一致肯定,從別墅出發去主要景點也非常方便,去可以游泳的海灘只要10分鐘｡下次來海陵島,一定會再選擇這裡｡"
"清远恒大五房温泉豪华大别墅近新银盏温泉古龙峡玻璃大峡谷,配日式温泉池､KTV设备､烧烤炉､电动麻将桌",2019-02-17T07:45:59.000Z,"卫生干净整洁,近周边景点,️唱K､麻将,厨房,非常方便,️什么问题打给管家马上就过来,值得一来｡"
"清远恒大五房温泉豪华大别墅近新银盏温泉古龙峡玻璃大峡谷,配日式温泉池､KTV设备､烧烤炉､电动麻将桌",2019-02-11T08:48:49.000Z,"别墅在恒大金碧天下小区,挺好找的,环境很好,我们住的是独栋别墅,欧式装修风格,别墅布置也很豪华,别墅里麻将机,独立KtV,温泉池,烧烤炉等应有尽有,订房后还送一池温泉水｡基本上不出别墅还可以娱乐一天,吃饭的话附近就有好几家不错的农庄和恒大饮食中心,也可以自己买菜在别墅里做,挺方便的｡"
"清远恒大五房温泉豪华大别墅近新银盏温泉古龙峡玻璃大峡谷,配日式温泉池､KTV设备､烧烤炉､电动麻将桌",2019-01-19T05:03:20.000Z,"别墅比较清净,空气好,房间干净,️️烧烤,有温泉泡,交通便利,买东西也很方便｡小区环境也不错,值得推荐｡"
"清远恒大五房温泉豪华大别墅近新银盏温泉古龙峡玻璃大峡谷,配日式温泉池､KTV设备､烧烤炉､电动麻将桌",2018-11-10T07:06:36.000Z,"房源还是不错的就是位置太偏交通不方便,但服务态度不错,如果是自驾的话比较推荐,不过建议改善一下隔音条件"
"清远恒大五房温泉豪华大别墅近新银盏温泉古龙峡玻璃大峡谷,配日式温泉池､KTV设备､烧烤炉､电动麻将桌",2018-10-28T05:11:02.000Z,好
"清远恒大五房温泉豪华大别墅近新银盏温泉古龙峡玻璃大峡谷,配日式温泉池､KTV设备､烧烤炉､电动麻将桌",2018-10-01T08:48:11.000Z,别墅很大  在恒大旅游城里  有车的话很方便   满意
"清远恒大五房温泉豪华大别墅近新银盏温泉古龙峡玻璃大峡谷,配日式温泉池､KTV设备､烧烤炉､电动麻将桌",2018-09-13T08:41:43.000Z,家居风格还是不错的
"清远恒大五房温泉豪华大别墅近新银盏温泉古龙峡玻璃大峡谷,配日式温泉池､KTV设备､烧烤炉､电动麻将桌",2018-07-10T07:36:07Z,"装修风格不错,干净,但KTV和电视需要修复一下,管家很热情,周边环境安静舒适,附近也有很多不错的景点,值得推荐"
"清远恒大五房温泉豪华大别墅近新银盏温泉古龙峡玻璃大峡谷,配日式温泉池､KTV设备､烧烤炉､电动麻将桌",2018-07-09T06:50:09Z,"住宿条件不错,但是ktv设施有点卡,其他都很不错"
"清远恒大五房温泉豪华大别墅近新银盏温泉古龙峡玻璃大峡谷,配日式温泉池､KTV设备､烧烤炉､电动麻将桌",2018-06-18T05:22:47Z,"
别墅离古龙峡漂流就15分钟车程,环境很好,装修豪华,家私欧式风格,精心布置,高端大气,花园花草树木修剪整齐,还有一个漂亮的凉亭｡别墅内配KTV､烧烤炉､电动麻将､厨具设施齐备!管家服务热情周到,随传随到!卫生搞得干干净净的,重点是还有一次性洗漱用品,非常贴心!买烧烤食材就在旁边农贸市场,第二天还可以去山顶公园､人工湖玩｡强烈推荐!
有点小小的不足,就是电视剧有点卡,当晚本来要看世界杯的我们没kana看成球赛｡
有个小惊喜,离开的时候管家送了qing清远特产10个土鸡蛋,感谢感谢
总体还是很推荐这家别墅的｡"
"清远恒大五房温泉豪华大别墅近新银盏温泉古龙峡玻璃大峡谷,配日式温泉池､KTV设备､烧烤炉､电动麻将桌",2018-06-17T06:48:05Z,感觉还是蛮不错的 房子也蛮漂亮!!
"清远恒大五房温泉豪华大别墅近新银盏温泉古龙峡玻璃大峡谷,配日式温泉池､KTV设备､烧烤炉､电动麻将桌",2018-06-15T06:24:41Z,"非常好的房东,非常热心的管家,非常愉快的旅程"
"清远恒大五房温泉豪华大别墅近新银盏温泉古龙峡玻璃大峡谷,配日式温泉池､KTV设备､烧烤炉､电动麻将桌",2019-02-06T07:23:51Z,"尽管只住了一天,但是夜景很美,房屋干净整洁,環境不錯｡离旅游景点很近,自驾游也很方便｡这一天内,清远天气也很好,心情也不错｡"
清远恒大好自然2号别墅,2018-07-15T08:13:45.000Z,"享受慢生活,这里是绝佳的好选择之一｡"
清远恒大好自然1号别墅,2019-01-29T07:19:16.000Z,不错
清远恒大好自然1号别墅,2019-01-21T06:07:17.000Z,"房东超级好人,什么都帮我们准备好,再去的话一定会再订"
清远恒大好自然1号别墅,2018-10-03T05:48:04.000Z,"很好,是几家朋友一起出游的好住所｡"
清远恒大养生谷度假房,2018-10-04T07:59:46.000Z,"房间很整洁,装修也挺新的,在黄金周临时订的居然能订到这么好的房子很满足,电视我不会开,房东很耐心教我,就是房间空调声音有点大,厨房里的锅漏水不能煮食了,别的都还满意,下次还是会订的｡"
清远恒大养生谷度假房,2018-07-29T07:11:18.000Z,位置距离古龙峡比较近 开车去也不会很塞车 适合度假的人去 不过附近没什么吃的逛的 要去住的话要可以在外面买菜去到自己煮 还是不错的体验 房主很nice 很不错的住宿体验 
清远恒大养生谷度假房,2018-07-18T07:40:23.000Z,"新房东新房子,房东比较友好和客气,房子比较干净宽敞,可以足够5个人入住,房子很有归属感,住起来很舒服｡离古龙峡17公里,开车30分钟左右｡"
清远恒大养生谷度假房,2018-10-06T08:14:42.000Z,"good,see u next time"
清远恒大养生谷度假房,2018-07-22T05:54:50.000Z,Very helpful owner and good value deal.
途民•度假别墅★佛冈碧桂园清泉城|羊角山森林闲情山水旅游圈 •7房12床别墅|享养生温泉【1514】,2019-01-10T11:20:02.000Z,The host canceled this reservation 28 days before arrival. This is an automated posting.
岭下乡村民宿,2018-10-06T06:48:16.000Z,"深度休闲旅游民宿首选,英西峰林首选他家｡"
山居小院2,2019-03-03T05:59:36.000Z,"我们一家人自驾过去,出了乐广高速,进入乡道大概还要走30分钟｡刚好碰到回南天,比较潮湿,屋主提前将房间抽湿｡入住当晚雷雨过后,第二日屋主家所在的地方能看到远处高山的云海,有水墨丹青的感觉,日出还比较壮观｡值得一提的是,来到这里还品尝到农家菜,鸡肉和猪肉还有蔬菜都很新鲜,屋主妈妈的厨艺不错,我们一家都吃得很开心｡
感谢屋主的民宿创意,让我们有一次这样特殊的体验｡"
山居小院2,2019-02-22T07:43:52.000Z,"很热情的房东,虽然热水器出现了一些意外情况也得到了合理的解决｡周边环境也很好,有机会会再去"
山居小院2,2019-02-13T07:04:56.000Z,"来山居小院满足了我节假日可以去不远的家乡走亲戚,(撩鸭逗狗),接近大自然,返补归真的愿望｡同时找到了一家朴实而热情的家人｡"
山居小院2,2019-02-08T07:09:40.000Z,"我们晚上十点才到的所以路不太好认,麻烦房东来带了我们一段路程｡入住房子环境干净､宁静､舒适,下雨的时候可以在茶棚喝茶｡我们去了附近的大草原,因为水涨了,所以草原中间部分成了湖状｡去草原的路上有一条田间小路,视野开阔,气息怡人｡当地市场很多笋出售,我们顺便买了一点让房东炒了吃,原来是苦笋｡下次去韶关玩的话还会选择这边住宿｡"
山居小院2,2019-02-07T08:15:45.000Z,"看得出来房东是一个很有想法的年轻人,在这个小村庄有这样一个民宿显得十分特别,而且价格也公道,房东人也很好还带我们到周边景点看,房东妈妈做的菜也好吃｡很好的体验｡"
山居小院2,2018-12-26T05:13:13.000Z,"比想象中的好,他妈妈煮的饭菜很好吃｡周边环境幽美"
山居小院2,2018-12-09T06:27:00.000Z,房间很干净  院子很大 关键老板人一级棒噢强烈推荐在老板家打火锅噢鸡肉一级棒
山居小院2,2018-12-02T08:06:50Z,"带着小狗来大草原玩,按照导航的位置过来准确,大人和小狗都受到了很好的照顾｡房东还带着自家小狗为我们领路,相当贴心有耐性｡周边不像热门景点那样有餐馆,但是房东妈妈做的饭菜非常好吃,有很多地道的自家食材,有着客家菜清淡而鲜香的特色,分量巨大,非常满足了｡房间是传统房子改建,干净整洁｡可能是平房的缘故,会比较潮湿一些,住在阁楼上铺应该会更舒适一些｡"
山居小院2,2018-11-18T08:41:40Z,"小哥很热情,解答我们所有问题,还送了一个小水缸,多谢多谢｡
阿姨厨艺好,芋头鸭好吃好吃｡
房子干净,装修明显花了很多心思｡
就在罗坑水库边,环境一流｡"
山居小院2,2018-11-12T08:41:52Z,"房东一家人都非常好客,尤其是房东妈妈,煮的饭非常好吃!住宿环境不错,离大草原走路大概20分钟｡还有鱼塘｡下次会再去的｡"
山居小院2,2018-10-03T07:28:03Z,"地理位置优越,风景秀丽,水库､草原就在旁边,房东小哥还是个纯朴热情的当地人,谢谢几天的照顾"
山居小院2,2018-10-02T06:49:42Z,"地理位置优越,就在罗坑水库旁,徒步可到罗坑大草原,房东很好说话,是个热情好客的当地人｡"
山居小院2,2018-09-28T06:37:21Z,"房东特别贴心热情,我们到的很晚,房东一直在等我们,经常对我们讲有什么事联系他,早餐也放在桌上很暖"
山居小院2,2018-09-27T06:49:47Z,"住房体验非常好,室内设计的调性是我喜欢的,古朴自然干净舒适,老板是个帅小伙,人很好很热情,老板的妈妈做得饭菜很好吃｡民宿离草原很近,去小草原步行几百米就到了,水景比较多,我们是一吃完早餐就去了,没有其他游客,独占美景哈哈哈,去大草原建议开车走大路过去,十来分钟就到了,若是想体验乡间小路的也可以走小道,杂草会比较多,也要走十多分钟,到了之后有很大一片草原,还有牛群,我的狗子在草上放飞自我｡总的来说,是个值得一去的地方｡"
山居小院2,2018-08-19T08:55:12Z,"1,住宿独立于主人家,设计合理,干净整洁｡
2,位置稍远,从高速下来在317县道上开了近40分钟｡但是去罗坑大草原就特别方便,步行5分钟可到｡去茶岩顶开车20分钟,猴寨40分钟(山路有点难开,新手不建议去)
3,建议傍晚去大草原,不晒时才好玩,可以划竹排｡茶岩顶夏天不适合登山,冬天才好玩｡猴寨溯溪不错,但进去的路有点难走｡
4,老板家人好,纯朴,热情,去猴寨时还专门找了几个当地朋友一起去,确保客人安全｡
5,老板家伙食挺好,纯天然,丰盛,分量足｡"
英德市区花园小区豪华沿河双人套房 风景优美 交通便利,2019-02-13T05:45:52.000Z,"性价比高,房东好人"
英德市区花园小区豪华沿河双人套房 风景优美 交通便利,2018-12-31T06:23:21.000Z,"晚上超级冷的时候入住!房东来带我们~
环境好,干净卫生,设施齐全,如果价格再便宜一点就好了｡"
市区高档住宅小区江边温馨2房整租,2018-08-18T07:38:42.000Z,"房东人很好,房子基础设备也很齐全"
英德市区高端时尚公寓,2019-02-09T08:05:27.000Z,"房子舒适,里面样样俱全,有家的感觉,适合带娃出去旅行的居住｡房东耐心解答和周边指引,比起居住大酒店自由好!"
英德九龙/洞天仙境/胜峰客栈/清新双人房,2018-11-04T07:07:01.000Z,"位置不错,离景区很近,附近也有很多民宿,房东反应迅速,交流通常,主动帮忙安排我朋友的其他房间"
英德九龙/洞天仙境/胜峰客栈/清新双人房,2018-09-13T08:34:21.000Z,挺好的
英德九龙/洞天仙境/胜峰客栈/标准双人房,2018-09-13T06:06:12.000Z,"位置还挺不错,住的也挺舒服"
"英德市仲达街收音机5号别墅六居(还有一套五居别墅在该房源对面,点击头像,下拉到最后可看到)",2019-01-13T06:13:27.000Z,"房间和客厅很大,感觉算整洁,装修不是特别豪华,但也不错,房东挻热情,有问题很快回复,厨房有基本的煮食设施,我们一大家人,不睡觉的时候可以在客厅喝茶聊天,周边的小超市很多,非常方便,比租酒店好多了,一次不错的体验,下次有机会还会再租的"
"英德市仲达街收音机5号别墅六居(还有一套五居别墅在该房源对面,点击头像,下拉到最后可看到)",2018-10-03T07:24:19.000Z,"非常棒的房子很实惠,去英德周边都不远而且很大,但是还是隔壁的九号别墅好一点"
"英德市仲达街收音机5号别墅六居(还有一套五居别墅在该房源对面,点击头像,下拉到最后可看到)",2018-10-02T08:18:37.000Z,大家都希望你再添一个冰箱｡
欧式豪装~幸福里亲子温泉别墅(有泳池),2019-02-07T08:27:04.000Z,"院内环境不错,小孩玩得很开心,管家很热情,反应很及时｡｡｡值得推荐"
九龙浩浩小筑,2018-11-04T07:48:44.000Z,"民宿挺干净整洁的   房东的服务好周到热情
民宿位于岭下村 离九龙镇上有一点点路程 但是挺适合自驾游的 停车方便  夜晚幽静"
英德市奇洞温泉度假村汤山别墅307,2019-01-21T06:54:19.000Z,"有点旧,但就房价而言,含无限次泡温泉及早餐还是可以接受的｡"
英德市奇洞温泉度假村汤山别墅307,2018-12-09T08:22:52.000Z,"房主热情好客,棒棒棒"
英德市奇洞温泉度假村汤山别墅307,2018-10-28T07:14:09.000Z,……
英德市奇洞温泉度假村汤山别墅306,2019-01-01T06:17:05.000Z,安静 整洁 方便
旅驿阳光,2019-03-15T07:10:06.000Z,"为了考车试而来的,性价比不错,环境还好,挺干净"
旅驿阳光,2019-02-09T06:23:42.000Z,房间很不错
旅驿阳光,2018-12-20T05:40:00.000Z,第二次入住! 真的很不错 让我二次入住的理由是安全 !干净! 感谢您提供了我们假期旅途安全温馨的一晚!
旅驿阳光,2018-12-14T08:44:01.000Z,"卫生很好,住的很不错,搭配也挺好看的,挺别致的,性价比高,确实比一般的酒店好多了"
旅驿阳光,2018-12-13T05:54:00.000Z,感谢您给我们一个安全温暖的住宿 你很注意细节 让我们有宾至如归的感觉 著名的英红九号红茶 饼干 房间很干净这让我们住起来很舒服  幸运选择了你!
碧桂园2房4床别墅,2019-02-17T06:38:42.000Z,"环境非常好,安静舒适"
"罗马假日度假屋【碧桂园英伦小镇全新两室一厅,享受阳光与宁静,郊游赏秋】",2019-01-01T07:48:16.000Z,"在碧桂园别墅区最后面的多层住宅里面,地理位置上没车不太方便,然后停车场收费了｡
房间很温馨,装修别致､品位,看过了有人把照片当照骗后,这家很实在,真实反映房屋｡
离开的时候遇到当地农民因为征地问题拦路闹事｡所以一直不太喜欢碧桂园,激进式的开发带来各种隐患｡"
佛冈碧桂园森波拉温泉带麻将3房一厅公寓,2019-01-04T07:49:20.000Z,"房子挺宽敞的,还很干净,和几个朋友去玩刚好够住,去到那里房东找了管家来带我们,很方便 不用我们找半天,附近还有温泉谷 去泡泡温泉 放假去放松一下真舒服"
佛冈碧桂园森波拉温泉带麻将3房一厅公寓,2019-01-01T06:09:26.000Z,"房源跟图片描述不一样,晚上会停电,环境和服务不好｡"
佛冈碧桂园森波拉温泉带麻将3房一厅公寓,2019-02-09T05:58:22.000Z,"房子很乾淨,這點最滿意!
還配有麻將台,可以跟家人朋友一起娛樂!
但是可能因為房子新裝修的緣故,味道有點重｡基本的爐具也沒有,希望這點可以改善｡
其他一切都不錯的!"
佛冈碧桂园森波拉温泉欧式复式公寓,2019-02-17T08:20:40.000Z,"只能说,人沟通是没有问题的,但房型不符,冰箱异味巨臭,没有下一次,分给的是人还可以沟通,还有自己去度假的心"
佛冈碧桂园森波拉温泉欧式复式公寓,2019-02-04T07:46:39.000Z,"在约定地点等了近半小时房东才到,整体装修布置与照片有差距,停车需要收费,299一晚性价比一般"
佛冈碧桂园森波拉温泉欧式复式公寓,2019-02-03T05:58:51.000Z,"当时就是看了图片装修不错就下订了,但是来到发现跟图片相比差别还蛮大的,少了很多装饰!还有的就是虽然管家回复的态度不差,但是总感觉是在忽悠我,房间一个空调遥控器和电视遥控器的电池都没有电的,我反映给管家,他说马上找人送新电池过来,可是一晚上都没有人来过,最后我是拆了另一台空调遥控器里的电池换给电视遥控器才看上电视的｡最后,建议房间配多两张被子放在柜子里,冬天夜晚还是挺冷的!"
佛冈碧桂园森波拉温泉欧式复式公寓,2019-01-12T05:33:01.000Z,"房子够大 就在小区里 环境也好 治安也很好 离泡温泉就2公里  推荐!
事先跟房东沟通过能否带狗子 都爽快的答应了 非常好的房东｡但是房子是给碧桂园管家管理的,入住不提供房卡 只提供房间钥匙 要联系管理处才能开一楼的门 比较不方便,碧桂园管家服务态度一般般 接待的时候没有笑容 连洗好的被单枕头套都晾在阳台没有收 建议房东给管家那边反馈下,第二天退房的时候管家让我们先自行退房,把钥匙给保安亭保安即可离开,但并没提前跟保安沟通好,导致保安不肯收钥匙,态度也不怎么好｡
总体来说,房子性价比高,房东不错,建议换个管家,真的没有笑容｡"
佛冈碧桂园森波拉温泉欧式复式公寓,2018-12-16T06:27:15.000Z,整体性价比高
清远恒大金碧天下盈宝小筑,2018-12-16T06:33:06.000Z,"唯一一点针对我这次出行的不好的地方,就是位置不够理想,离最近的温泉路程大概有50公里左右,离古龙峡还可以10公里能接受,不过晚上真的很安静,空气质量也很好"
<特价>英德市奇洞温泉汤山别院豪华别墅含溶洞温泉票,2019-02-08T06:11:00.000Z,其实各方面都很不错｡
<特价>英德市奇洞温泉汤山别院豪华别墅含溶洞温泉票,2019-01-01T05:12:13.000Z,"2018即将从你我手指上流走,明天就成为历史,就让我们用一只手抓住2018最后的尾巴,用一只手接住2019的幸福快乐吧…
2019新年快乐!
第一次选择“爱彼迎”订房,第一次选择民宿,非常幸运,遇见如此好服务的房东,服务满分,房子满分,温泉满分…
2019跨年夜,我们一家的美宿之旅,在英德奇洞温泉小镇度过了很多的欢乐时光,感恩遇见!"
<特价>英德市奇洞温泉汤山别院豪华别墅含溶洞温泉票,2018-12-09T06:42:27.000Z,"漂亮的房东姐姐和先生都是超nice的,一直很耐心的回答我们的问题,提醒我们需要准备的东西｡我们中午到了别墅后就给我们安排房间和被子,提前帮我们开了暖气,送了奇洞温泉的门票还介绍了最值得去的溶洞池,以及周边好玩的景点和当地的美食,晚上因为下雨阳台没办法烧烤就空了车库给我们使用,我们带的碳烧不着还给了自己的碳我们用,给我们开了酒,烤了番薯｡第二天早上我们去泡温泉的时候还让我们慢慢玩,不需要赶时间｡别墅的位置很好找,景观也好,每层都有独立的洗手间,房间都很宽敞,每个房间都有暖气,客厅也有暖气,厨房里的用具也很齐全,还给我们准备了碗筷,每一处都很用心,让我们感到十分的温暖,我们的周末过得很愉快,感谢｡期待下一次的相遇!"
<特价>英德市奇洞温泉汤山别院豪华别墅含溶洞温泉票,2018-11-25T06:50:09.000Z,"房东是个美女姐姐,下订单后房东姐姐就给我电话问清楚我们入住几人,房间要怎么安排,入住时间等,这一切都让我觉得很安心｡等我们到了后,房东姐姐就给我们详细的介绍了别墅和温泉的情况,包括房间的位置啊,还有浴袍放在哪里了啊,厨房里的设备介绍,还介绍了当地的景点和美食推荐｡还特地给我们准备了小零食,嗯都好好吃(๑´ڡ`๑)｡在别墅休息了会出发去温泉,很贴心的给我们都准备好了钥匙柜,还介绍了温泉里比较特色的溶洞｡晚上睡觉时怕我们冷,给我们多准备被子还让我们开暖气｡晚上我们在客厅吃烧烤喝红酒,还很热情的帮我们摆好菜品开好红酒,还问我们要不要放歌活跃气氛,一切都非常完美,非常感谢房东姐姐的热情款待,下次有机会一定再去!!"
清远恒大金碧天下盈宝语轩,2019-02-07T07:47:27.000Z,"和善的房东,服务热情迅速的管家,总之来说是不错的一次体验｡"
清远恒大金碧天下盈宝语轩,2018-12-31T06:25:09.000Z,"房子很新很干净,房主说是夏天才装修的,ktv音响不错,管家也照顾得很周到,还介绍地方给我们去吃农家菜...不过因为去的当天是最冷的,房子里面没有暖气,如果有暖气是最好的...另外,可能当天下雨,电线有短路,晚上停了3次电...但总体来说,性价比很高,不错..."
英德度假温泉旅游小镇北欧风格大3房整租,2019-01-04T06:06:46.000Z,"很好的房东,满意的旅程"
(连着两套)清远碧桂园温泉ktv麻将烧烤望湖东南亚风四房别墅,2019-01-06T06:46:13.000Z,"负一楼的ktv可以撤走了,或者放在别的地方吧｡太拥挤了,想唱k的人不好意思去别人房间,晚上睡觉的人说两个音箱放在那里好吓人"
(连着两套)清远碧桂园温泉ktv麻将烧烤望湖东南亚风四房别墅,2018-12-10T05:49:43.000Z,"公司聚会,订了两套别墅,卫生好,花园的确挺大,房子也挺漂亮的,房东和管家也热情,大家玩得好嗨森"
清远恒大世纪旅游城古龙峡漂流云天玻璃桥豪华别墅01,2019-02-10T07:31:07.000Z,"很好,餐具齐全"
清远恒大世纪旅游城古龙峡漂流云天玻璃桥豪华别墅01,2019-01-01T05:12:38.000Z,"装修风格很欧式,很宽敞很舒服"
清远佛冈碧桂园温泉带麻将舒适两房公寓,2018-12-18T07:32:12.000Z,公寓很大很干净 还有一张麻将机 打了一晚上的麻将 很开心 附近还有很多景点 有温泉谷 还有一个英伦小镇 房东的服务态度也很好 对于这次旅途很满意 玩的很开心 下次还会再来
"天空之城,森林里的复式观景微墅,佛冈碧桂园聚会度假趴体好嗨哦",2018-12-31T06:55:44.000Z,"开车5min到温泉酒店,相比酒店的房间性价比挺高了,房间宽敞干净,就是楼上没有洗手间不大方便｡总的来说还是挺好哒,推荐入住!"
佛冈碧桂园清泉城绿野仙踪度假屋,2019-02-06T07:33:56.000Z,客服人员还是相当不错的
佛冈碧桂园清泉城绿野仙踪度假屋,2019-01-13T07:13:58.000Z,"房东美女很热情,周到｡环境安静,空气好,房间设施很不错,床也很舒服,每个房间都有空调,真是物超所值,下次带朋友一起去"
暖窝,2019-02-14T08:48:42.000Z,下次有机会还会在那边住的
恒大生态城(古龙峡､云天玻霸玻璃桥､清泉湾､英西峰林､太和古洞)温馨湖山景观4房1厅3卫套房,2019-02-11T07:27:56.000Z,"干净舒适,长辈们都挺满意的｡去古龙峡很方便,房东Steven很好,很负责"
连江口温泉入户房,2019-02-08T08:23:48.000Z,"住宿是绝对好的,还送温泉券,不过记住哦下面的温泉里面毛巾拖鞋储物柜都是要另外收费的,不过也不贵｡"
山居小院,2019-03-02T05:43:21.000Z,"因为下雨,我们就待在小院,享受氧气SPA,一路走过来,偏远了一点,但我和老友们都超级享受｡回归了原始生活,好多年没试过晚上9点多就睡觉的日子啦!总而言之,言而总之这是一个适合放下一切都市压力修养的好地方｡谢谢老板和家人的招待,你家的饭菜真的好好吃"
山居小院,2019-02-08T07:07:23.000Z,"这种小复式的本屋结构,是小家庭游玩的首选 ,简洁,独立｡房东热情待客,带我们去后山的参观茶园,小路可走去草原,原生态,是休闲的好去处(听闻夏天来游玩更爽,草原草更绿,也可下小溪玩耍,还可以在水库钓鱼｡｡｡｡好期待)｡房东妈妈会弄拿手好菜,可在小院内就可以解决吃的问题,方便｡我们更喜欢自助:抓鸡,拾松枝,生火,摘菜,弄柴火鸡,打火锅,自己动手,别有一番风味,有兴趣的朋友可以一试｡总体感觉不错,还会再来｡"
山居小院,2019-02-05T07:05:54.000Z,"房主非常热情好客,饭菜分量特别足~~"
英德连江口镇云海碱泉养生公馆·私家温泉·北江温泉.江景如画.全江景1幢1004房,2019-03-10T06:59:31.000Z,"交通便利,周围热闹但宁静｡屋子景观很好,直面北江｡楼下温泉不算大规模,但景观十分值得,性价比高｡屋内生活设施配备齐全,品质很不错｡适合度假慢生活｡去浈阳旅游小镇很方便,沿着国道往英德市区方向开,一路水流+山景,十分惬意｡谢谢房东这么有心地布置屋子｡"
英德连江口镇云海碱泉养生公馆·私家温泉·北江温泉.江景如画.全江景1幢1004房,2019-02-10T07:17:03.000Z,"早上买了温泉票30元一张,只开放了个别几个池,我建议以后其他客人不要早上去泡"
英德连江口镇云海碱泉养生公馆·私家温泉·北江温泉.江景如画.全江景1幢1004房,2019-02-09T08:49:38.000Z,"格局不错,而且景色优美,最赞房间里用的床上用品,犹如家的感觉｡而且非常贴心,同时提供了附近游玩项目,所以本次说走就走的行程很轻松,谢谢"
英德连江口镇云海碱泉养生公馆·私家温泉·北江温泉.江景如画.全江景1幢1004房,2019-02-08T07:08:23.000Z,"新公寓,装修有格调,房间装饰和用品都很考究,室内卫生做的特别好,50元买温泉水就可以在阳台好好泡一下,房东准备的夜间氛围灯超有感觉,总之,很满意的一次体验!!!房东用投影仪代替电视机,个人感觉不很实用,画面质量和音响效果都不如电视机"
英德连江口镇云海碱泉养生公馆·私家温泉·北江温泉.南北通透.半江景2幢1602房,2019-03-10T07:11:52.000Z,"度假的好地方｡屋子很新很用心布置,配用的床品和东西都挺好｡楼下温泉很方便｡停车免费｡去浈阳坊旅游小镇很方便｡好山好水好地方"
英德连江口镇云海碱泉养生公馆·私家温泉·北江温泉.南北通透.半江景2幢1602房,2019-03-03T08:03:34.000Z,价格贵了点 还不包温泉 在前台得知他们的房费是包温泉的 有点小贵 其他还行~
英德连江口镇云海碱泉养生公馆·私家温泉·北江温泉.南北通透.半江景2幢1602房,2019-02-17T05:58:55.000Z,"房子位置不错,周边餐饮方便,经济美味,后半夜入住的,密码锁有点问题,没办法开门,好在老板半夜仍然帮忙解决"
英德连江口镇云海碱泉养生公馆·私家温泉·北江温泉.南北通透.半江景2幢1602房,2019-02-07T06:18:42.000Z,"新装修的房子,空间够大｡江景也美"
【宝晶宫/温泉】英德/市中心/城市广场/复式公寓/100㎡,2019-03-24T05:14:09.000Z,"房子很大,很新,房东很细心地带我们入住,性价比超高!"
【宝晶宫/温泉】英德/市中心/城市广场/复式公寓/100㎡,2019-03-17T08:36:09.000Z,性价比超高的 价格优惠不说 里面就阁楼大空间的商品房 可以很多人入住 体验极好 也在市中心
宝晶宫附近英德市区现代风装修三房两厅两卫,2019-03-03T08:55:11.000Z,"总体很棒,75寸超大电视,看恐怖片一流"
清远/英德/英西峰林走廊/峰林里艺术空间,2019-03-05T08:47:04.000Z,"环境太美了｡青山绿水的大自然无敌治愈｡在院子里晒太阳都感觉不舍得离开｡老板娘人超nice,她家还有餐厅,院子里自种的青菜吃起来超甜｡下次还会再来,太舒服了｡"
#清远#森波拉奇妙世界 羊角山风景区佛冈碧桂园清泉城#清泉小筑# #温泉#许您美好假期｡,2019-02-17T07:38:18.000Z,和预期差不多
#清远#森波拉奇妙世界 羊角山风景区佛冈碧桂园清泉城#清泉小筑# #温泉#许您美好假期｡,2019-02-05T07:55:30.000Z,"年30选择了这里过一个特别的年,这里装修清新淡雅,全部都是房主叔叔自己一手搭建,小地方的装饰,也让人很惊喜的呢｡无论我们有什么问题叔叔都第一时间给我们提供帮助,十分谢谢~"
#清远#森波拉奇妙世界 羊角山风景区佛冈碧桂园清泉城#清泉小筑# #温泉#许您美好假期｡,2017-02-08T02:36:52.000Z,"非常棒的房源,风格独特的木式装修,环境非常棒!房东是一位非常友好的叔叔,为我们准备烧烤的用具｡非常开心的一次出游｡"
#清远#森波拉奇妙世界 羊角山风景区佛冈碧桂园清泉城#清泉小筑# #温泉#许您美好假期｡,2016-12-04T01:02:36.000Z,房东非常好
#清远#森波拉奇妙世界 羊角山风景区佛冈碧桂园清泉城#清泉小筑# #温泉#许您美好假期｡,2016-01-02T18:51:23.000Z,"房子特别棒,房主信叔是个很nice的人,热爱木工,连房间里面的装潢都是亲自设计制作~还有一只小胖妞狗狗妞宝儿~非常愉快的一次旅行~"
#清远#森波拉奇妙世界 羊角山风景区佛冈碧桂园清泉城#清泉小筑# #温泉#许您美好假期｡,2015-11-15T17:44:37.000Z,盆友说还不错
#清远#森波拉奇妙世界 羊角山风景区佛冈碧桂园清泉城#清泉小筑# #温泉#许您美好假期｡,2019-02-09T05:28:16.000Z,"房东很热情,泡温泉也很方便"
#清远#森波拉奇妙世界 羊角山风景区佛冈碧桂园清泉城#清泉小筑# #温泉#许您美好假期｡,2016-11-02T01:39:43Z,It's a nice place and family. Thanks for all.
美好源自天然!清泉小筑让您自由亲近羊角山风景区森波拉奇妙世界的美景!,2018-10-03T06:26:46.000Z,"房间很干净整洁,有阁楼,床位很多,五个人来都没问题｡房间设计以木为主,很舒服,但得出房东有用心,房东说他的水是井水,还有在房间里准备茶壶,方便泡茶｡房东很nice,有什么问题都可以跟他说,跟他聊天也很有趣,是个见多识广的人｡推荐大家来"
美好源自天然!清泉小筑让您自由亲近羊角山风景区森波拉奇妙世界的美景!,2016-10-04T02:08:45.000Z,"很好的住宿体验,房主先生很有意思,满满地匠人精神,自己亲手打造的房子｡"