{"title": "\u534e\u4e3aP30\u6e32\u67d3\u56fe\u518d\u66dd\u5149\uff0c\u603b\u5171\u6709\u4e09\u6b3e\u673a\u578b\uff0c\u6c34\u6ef4\u5c4f\u642d\u914d\u56db\u6444\u50cf\u5934", "video_url": "https://vd2.bdstatic.com/mda-jbqc2r60mmjw1hwk/mda-jbqc2r60mmjw1hwk.mp4?playlist=%5B%22hd%22%2C%22sc%22%2C%221080p%22%5D&auth_key=1551158320-0-0-ebbfd0e6e4082d1049db05cda12abc60&bcevod_channel=searchbox_feed&pd=1&vt=1&cd=0&did=fdbd7f93eb2995f2e3f0d70f7bfd9959&logid=2920698739&vid=15886947649695175519&pt=0&cr=0"}
{"title": "\u534e\u4e3aP30\u5c06\u4e8e3\u6708\u5e95\u5df4\u9ece\u53d1\u5e03\uff0c\u62cd\u7167\u4f9d\u7136\u662f\u4eae\u70b9\uff0c\u800c5G\u529f\u80fd\u4e5f\u662f\u91cd\u70b9", "video_url": "https://vd2.bdstatic.com/mda-jbhfrtic8wjve53q/mda-jbhfrtic8wjve53q.mp4?playlist=%5B%22hd%22%5D&auth_key=1551015705-0-0-41c77f7204603ecf3cb28183692f98fb&bcevod_channel=searchbox_feed&pd=1&vt=1&cd=0&did=fdbd7f93eb2995f2e3f0d70f7bfd9959&logid=0704971684&vid=12735167136683462996&pt=0&cr=0"}
{"title": "\u534e\u4e3a P30 \u66dd\u5149\u6b23\u8d4f\uff0c\u8fd9\u989c\u503c\u6015\u662f\u53c8\u8981\u706b\u4e86", "video_url": "https://vd2.bdstatic.com/mda-jb7yn22btq7345sm/mda-jb7yn22btq7345sm.mp4?playlist=%5B%22hd%22%2C%22sc%22%5D&auth_key=1550973701-0-0-5a0e5a97d550aafe5199ffd9faa15eeb&bcevod_channel=searchbox_feed&pd=1&vt=1&cd=0&did=fdbd7f93eb2995f2e3f0d70f7bfd9959&logid=1901499449&vid=17935247874668679513&pt=0&cr=0"}
{"title": "\u534e\u4e3aP30\u6b63\u5f0f\u5b98\u5ba3\uff01\u5b9a\u68633\u670826\u65e5\u53d1\u5e03\uff1a\u4e3b\u6253\u53d8\u7126\u529f\u80fd", "video_url": "https://vd3.bdstatic.com/mda-jbmsbgxdrktbnrnj/mda-jbmsbgxdrktbnrnj.mp4?playlist=%5B%22hd%22%2C%22sc%22%5D&auth_key=1550896073-0-0-7be3709eb3930fdd528f651a8b341f43&bcevod_channel=searchbox_feed&pd=1&vt=1&cd=0&did=fdbd7f93eb2995f2e3f0d70f7bfd9959&logid=3473743298&vid=12475823453223672994&pt=0&cr=0"}
{"title": "\u534e\u4e3aP30\u7cfb\u5217\u624b\u673a\u66dd\u5149\uff0c\u6807\u914d\u9e92\u9e9f980\u5904\u7406\u5668\uff0c\u914d\u5907\u56db\u4e2a\u6444\u50cf\u5934", "video_url": "https://vd3.bdstatic.com/mda-jatf1ptd55r1jd6x/mda-jatf1ptd55r1jd6x.mp4?playlist=%5B%22hd%22%2C%22sc%22%5D&auth_key=1549129029-0-0-5d840d9706012e3d794d35a0847e7a4d&bcevod_channel=searchbox_feed&pd=1&vt=1&cd=0&did=fdbd7f93eb2995f2e3f0d70f7bfd9959&logid=0429125044&vid=15228382358644175097&pt=0&cr=0"}
{"title": "\u534e\u4e3a\u5ba3\u5e03\u53c2\u5c55MWC 2019\uff1a5G\u624b\u673a\u548cP30\u6216\u5c06\u4eae\u76f8\uff1f", "video_url": "https://vd3.bdstatic.com/mda-imsrsdd9x8bfjrax/mda-imsrsdd9x8bfjrax.mp4?playlist=%5B%22hd%22%2C%22sc%22%2C%221080p%22%5D&auth_key=1546887495-0-0-d00ad30dbd13dc7cea17a85fbfad3ae6&bcevod_channel=searchbox_feed&pd=1&vt=1&cd=0&did=fdbd7f93eb2995f2e3f0d70f7bfd9959&logid=1695169917&vid=4342458446154491827&pt=0&cr=0"}
{"title": "\u534e\u4e3aP30\u6e32\u67d3\u56fe\u5927\u66dd\u5149\uff1a\u6c34\u6ef4\u5c4f+\u9e92\u9e9f980\uff0c\u4fdd\u7559\u8033\u673a\u5b54", "video_url": "https://vd4.bdstatic.com/mda-ja4rcbxpb7iw7dhk/mda-ja4rcbxpb7iw7dhk.mp4?playlist=%5B%22hd%22%2C%22sc%22%2C%221080p%22%5D&auth_key=1546686687-0-0-1199f3770bf845e90be0282859a5304c&bcevod_channel=searchbox_feed&pd=1&vt=1&cd=0&did=fdbd7f93eb2995f2e3f0d70f7bfd9959&logid=2487232491&vid=10460994323023584982&pt=0&cr=0"}
{"title": "\u534e\u4e3aP30\u518d\u66dd\u731b\u6599\uff1a\u8fde\u63a83\u4e2a\u7248\u672c\uff0c\u5bf9\u6807\u4e09\u661fS10\u7cfb\u5217", "video_url": "https://vd4.bdstatic.com/mda-ja4fpf12ay5yzezk/mda-ja4fpf12ay5yzezk.mp4?playlist=%5B%22hd%22%2C%22sc%22%5D&auth_key=1546671071-0-0-d2dc56d5186a1e45b2c931b2bd5d5f7d&bcevod_channel=searchbox_feed&pd=1&vt=1&cd=0&did=fdbd7f93eb2995f2e3f0d70f7bfd9959&logid=1270688492&vid=236331657439817635&pt=0&cr=0"}
{"title": "\u534e\u4e3aP30 Pro\uff1a\u9876\u7ea7\u62cd\u7167\u6c34\u5e73\uff0c\u62e5\u6709\u7ad6\u6392\u540e\u7f6e\u56db\u6444", "video_url": "https://vd2.bdstatic.com/mda-ja3xvnau184tt18q/mda-ja3xvnau184tt18q.mp4?playlist=%5B%22hd%22%2C%22sc%22%5D&auth_key=1546669363-0-0-0c491b5d0d2719f7f70f740fc09e3a73&bcevod_channel=searchbox_feed&pd=1&vt=1&cd=0&did=fdbd7f93eb2995f2e3f0d70f7bfd9959&logid=3162866273&vid=13580215842498705550&pt=0&cr=0"}
{"title": "\u534e\u4e3aP30 Pro\u66dd\u5149\uff1a\u6316\u5b54\u5c4f\u5e55+\u8d34\u7eb8\u540e\u6444\uff0c\u8fd8\u6709\u6c19\u6c14\u5927\u706f\uff1f", "video_url": "https://vd2.bdstatic.com/mda-imcu872azk70yidt/mda-imcu872azk70yidt.mp4?playlist=%5B%22hd%22%2C%22sc%22%5D&auth_key=1544707826-0-0-99ad980304690141cb8bc14ddfc814d1&bcevod_channel=searchbox_feed&pd=1&vt=1&cd=0&did=95b1977edd8b8f37ac89479bf50d1141&logid=0025956974&vid=1888548314347061810&pt=0&cr=0"}
{"title": "\u7591\u4f3c\u534e\u4e3aP30 Pro\u771f\u673a\u6e32\u67d3\u56fe\u66dd\u5149\uff1a\u6c19\u6c14\u95ea\u5149\u706f\u52a0\u6301\uff1f", "video_url": "https://vd3.bdstatic.com/mda-imcg8rhuhdxxvpmq/mda-imcg8rhuhdxxvpmq.mp4?playlist=%5B%22hd%22%2C%22sc%22%5D&auth_key=1544683847-0-0-9a9c73a30bb2abc546482143c7de64c4&bcevod_channel=searchbox_feed&pd=haokan&vt=1&cd=0&did=95b1977edd8b8f37ac89479bf50d1141&logid=1247187016&vid=7268414866394703741"}
{"title": "\u9996\u53d112GB\u5185\u5b58\uff01\u534e\u4e3aP30 Pro\u63d0\u524d\u66dd\u5149\uff1a\u552e\u4ef7\u6216\u8d85\u4e03\u5343\u5143", "video_url": "https://vd3.bdstatic.com/mda-ijpqxru14zmww612/mda-ijpqxru14zmww612.mp4?playlist=%5B%22hd%22%2C%22sc%22%2C%221080p%22%5D&auth_key=1540814077-0-0-35109f17d8b4ebf18fd5cb3d0b5b6e37&bcevod_channel=searchbox_feed&pd=haokan"}
{"title": "\u534e\u4e3aP30 Pro\u6982\u5ff5\u673a\u66dd\u5149\uff1a\u9e92\u9e9f980+\u5c4f\u4e0b\u6307\u7eb9\uff0c5G\u65f6\u4ee3\u9886\u5bfc\u8005\uff01", "video_url": "https://vd2.bdstatic.com/mda-ij5ra0by647vjrpw/mda-ij5ra0by647vjrpw.mp4?playlist=%5B%22hd%22%2C%22sc%22%5D&auth_key=1539800973-0-0-16bae20d44b8251cb3960f10dfed76fb&bcevod_channel=searchbox_feed&pd=haokan"}
{"title": "\u534e\u4e3aP30\u6982\u5ff5\u56fe\u66dd\u5149\uff1a\u4f38\u7f29\u524d\u7f6e\u53cc\u6444\uff0c\u6bd4vivo NEX\u66f4\u725b\u903c", "video_url": "https://vd3.bdstatic.com/mda-ihfvpi18fajf2tzc/mda-ihfvpi18fajf2tzc.mp4?playlist=%5B%22hd%22%2C%22sc%22%5D&auth_key=1534466290-0-0-404cc5da7f9cc6c8bcd2c1f3db5f93d4&bcevod_channel=searchbox_feed&pd=haokan"}
{"title": "\u4e07\u4f17\u671f\u5f85\u534e\u4e3aP30\u8fd8\u6709270\u591a\u5929\uff01\u9e92\u9e9f980+\u771f\u5168\u9762\u5c4f+\u4e09\u6444+\u5c4f\u4e0b\u6307\u7eb9\uff01", "video_url": "https://vd3.bdstatic.com/mda-ig5q80w6esuhcihc/mda-ig5q80w6esuhcihc.mp4?playlist=%5B%22hd%22%2C%22sc%22%5D&auth_key=1530969424-0-0-da401bc750e2193dde747f48402ce226&bcevod_channel=searchbox_feed&pd=haokan"}
{"title": "\u534e\u4e3aP30\u6e32\u67d3\u56fe\u66dd\u5149\uff0c\u534e\u4e3aGPU Turbo\u6280\u672f\u80fd\u5426\u5f15\u9886\u5e02\u573a\uff1f", "video_url": "https://vd3.bdstatic.com/mda-ifmu0dnq942wns57/mda-ifmu0dnq942wns57.mp4?playlist=%5B%22hd%22%2C%22sc%22%5D&auth_key=1529704002-0-0-952f8ff676f969f819a42d32c5ca184b&bcevod_channel=searchbox_feed&pd=haokan"}
{"title": "\u534e\u4e3a P30 Pro \u6e32\u67d3\u56fe\u66dd\u5149\uff0c\u96be\u9053\u4e5f\u8981\u5b66\u84dd\u7eff\u5382\u5546\u505a\u5347\u964d\u6444\u50cf\u5934\u5417", "video_url": "https://vd3.bdstatic.com/mda-ifjr0pxk3a71ik8y/mda-ifjr0pxk3a71ik8y.mp4?playlist=%5B%22hd%22%2C%22sc%22%5D&auth_key=1529500329-0-0-d622ee57703515f44e106ec5d0e3d378&bcevod_channel=searchbox_feed&pd=haokan"}
{"title": "\u534e\u4e3aP30\u8c0d\u7167\u6d41\u51fa\uff1a2K\u767e\u5206\u767e\u5168\u9762\u5c4f\uff0c\u5347\u964d\u6444\u50cf\u5934\u6284\u88ad\u4e86vivo", "video_url": "https://vd3.bdstatic.com/mda-ifixxhn3i0u6fgr3/mda-ifixxhn3i0u6fgr3.mp4?playlist=%5B%22hd%22%2C%22sc%22%5D&auth_key=1529450992-0-0-87fb7f353085e20fb7c10313a60c626d&bcevod_channel=searchbox_feed&pd=haokan"}
